query_label,query_url,http_status,candidate_cids,candidate_count,mapping_status,mapping_confidence,canonical_smiles,isomeric_smiles,molecular_weight,xlogp,tpsa,hbond_donor_count,hbond_acceptor_count,rotatable_bond_count,heavy_atom_count,formal_charge,pubchem_cid,pubchem_title,property_url,error_excerpt,n_train,n_validation,n_test,observed_pert_ids,retrieved_at,source,source_api_docs,pert_ids_observed,refined_at
"(1R, 2S, 5R) - (-) - Menthol",https://pubchem.ncbi.nlm.nih.gov/rest/pug/compound/name/%28-%29-Menthol/cids/JSON,404.0,16666,1.0,MAPPED,VERIFIED_PUBCHEM_SYNONYM_ALIAS,CC1CCC(C(C1)O)C(C)C,C[C@@H]1CC[C@H]([C@@H](C1)O)C(C)C,156.26,3.0,20.2,1.0,1.0,1.0,11.0,0.0,16666.0,,"https://pubchem.ncbi.nlm.nih.gov/rest/pug/compound/cid/16666/property/CanonicalSMILES,IsomericSMILES,MolecularWeight,XLogP,TPSA,HBondDonorCount,HBondAcceptorCount,RotatableBondCount,HeavyAtomCount,Charge/JSON","{
  ""Fault"": {
    ""Code"": ""PUGREST.NotFound"",
    ""Message"": ""No CID found"",
    ""Details"": [
      ""No CID found that matches the given name""
    ]
  }
}
",85,29,30,#4,2026-08-10T16:46:49.783130+00:00,PubChem PUG REST,https://pubchem.ncbi.nlm.nih.gov/docs/pug-rest,#4,2026-08-10T16:50:47.151777+00:00
(S)-(+)-Camptothecin,https://pubchem.ncbi.nlm.nih.gov/rest/pug/compound/name/%28S%29-%28%2B%29-Camptothecin/cids/JSON,200.0,24360,1.0,MAPPED,EXACT_NAME_SINGLE_CID_WITH_SMILES,CCC1(C2=C(COC1=O)C(=O)N3CC4=CC5=CC=CC=C5N=C4C3=C2)O,CC[C@@]1(C2=C(COC1=O)C(=O)N3CC4=CC5=CC=CC=C5N=C4C3=C2)O,348.4,1.0,79.7,1.0,5.0,1.0,26.0,0.0,24360.0,,"https://pubchem.ncbi.nlm.nih.gov/rest/pug/compound/cid/24360/property/CanonicalSMILES,IsomericSMILES,MolecularWeight,XLogP,TPSA,HBondDonorCount,HBondAcceptorCount,RotatableBondCount,HeavyAtomCount,Charge/JSON",,0,0,144,#5,2026-08-10T16:46:49.783130+00:00,PubChem PUG REST,https://pubchem.ncbi.nlm.nih.gov/docs/pug-rest,#5,2026-08-10T16:50:47.151777+00:00
1-10 Phenanthroline monohydrate,https://pubchem.ncbi.nlm.nih.gov/rest/pug/compound/name/1%2C10-phenanthroline%20monohydrate/cids/JSON,404.0,21226,1.0,MAPPED,VERIFIED_PUBCHEM_SYNONYM_ALIAS,C1=CC2=C(C3=C(C=CC=N3)C=C2)N=C1.O,C1=CC2=C(C3=C(C=CC=N3)C=C2)N=C1.O,198.22,,26.8,1.0,3.0,0.0,15.0,0.0,21226.0,,"https://pubchem.ncbi.nlm.nih.gov/rest/pug/compound/cid/21226/property/CanonicalSMILES,IsomericSMILES,MolecularWeight,XLogP,TPSA,HBondDonorCount,HBondAcceptorCount,RotatableBondCount,HeavyAtomCount,Charge/JSON","{
  ""Fault"": {
    ""Code"": ""PUGREST.NotFound"",
    ""Message"": ""No CID found"",
    ""Details"": [
      ""No CID found that matches the given name""
    ]
  }
}
",165,48,42,"#46,#6",2026-08-10T16:46:49.783130+00:00,PubChem PUG REST,https://pubchem.ncbi.nlm.nih.gov/docs/pug-rest,"#46,#6",2026-08-10T16:50:47.151777+00:00
4-Hydroxytamoxifen,https://pubchem.ncbi.nlm.nih.gov/rest/pug/compound/name/4-Hydroxytamoxifen/cids/JSON,200.0,449459,1.0,MAPPED,EXACT_NAME_SINGLE_CID_WITH_SMILES,CCC(=C(C1=CC=C(C=C1)O)C2=CC=C(C=C2)OCCN(C)C)C3=CC=CC=C3,CC/C(=C(\C1=CC=C(C=C1)O)/C2=CC=C(C=C2)OCCN(C)C)/C3=CC=CC=C3,387.5,6.8,32.7,1.0,3.0,8.0,29.0,0.0,449459.0,,"https://pubchem.ncbi.nlm.nih.gov/rest/pug/compound/cid/449459/property/CanonicalSMILES,IsomericSMILES,MolecularWeight,XLogP,TPSA,HBondDonorCount,HBondAcceptorCount,RotatableBondCount,HeavyAtomCount,Charge/JSON",,91,25,27,#7,2026-08-10T16:46:49.783130+00:00,PubChem PUG REST,https://pubchem.ncbi.nlm.nih.gov/docs/pug-rest,#7,2026-08-10T16:50:47.151777+00:00
Abietic acid,https://pubchem.ncbi.nlm.nih.gov/rest/pug/compound/name/Abietic%20acid/cids/JSON,200.0,10569,1.0,MAPPED,EXACT_NAME_SINGLE_CID_WITH_SMILES,CC(C)C1=CC2=CCC3C(C2CC1)(CCCC3(C)C(=O)O)C,CC(C)C1=CC2=CC[C@@H]3[C@@]([C@H]2CC1)(CCC[C@@]3(C)C(=O)O)C,302.5,4.8,37.3,1.0,2.0,2.0,22.0,0.0,10569.0,,"https://pubchem.ncbi.nlm.nih.gov/rest/pug/compound/cid/10569/property/CanonicalSMILES,IsomericSMILES,MolecularWeight,XLogP,TPSA,HBondDonorCount,HBondAcceptorCount,RotatableBondCount,HeavyAtomCount,Charge/JSON",,0,0,143,#3,2026-08-10T16:46:49.783130+00:00,PubChem PUG REST,https://pubchem.ncbi.nlm.nih.gov/docs/pug-rest,#3,2026-08-10T16:50:47.151777+00:00
Amiodarone hydrochloride,https://pubchem.ncbi.nlm.nih.gov/rest/pug/compound/name/Amiodarone%20hydrochloride/cids/JSON,200.0,441325,1.0,MAPPED,EXACT_NAME_SINGLE_CID_WITH_SMILES,CCCCC1=C(C2=CC=CC=C2O1)C(=O)C3=CC(=C(C(=C3)I)OCCN(CC)CC)I.Cl,CCCCC1=C(C2=CC=CC=C2O1)C(=O)C3=CC(=C(C(=C3)I)OCCN(CC)CC)I.Cl,681.8,,42.7,1.0,4.0,11.0,32.0,0.0,441325.0,,"https://pubchem.ncbi.nlm.nih.gov/rest/pug/compound/cid/441325/property/CanonicalSMILES,IsomericSMILES,MolecularWeight,XLogP,TPSA,HBondDonorCount,HBondAcceptorCount,RotatableBondCount,HeavyAtomCount,Charge/JSON",,93,25,25,#8,2026-08-10T16:46:49.783130+00:00,PubChem PUG REST,https://pubchem.ncbi.nlm.nih.gov/docs/pug-rest,#8,2026-08-10T16:50:47.151777+00:00
Amphotericin B,https://pubchem.ncbi.nlm.nih.gov/rest/pug/compound/name/Amphotericin%20B/cids/JSON,200.0,5280965,1.0,MAPPED,EXACT_NAME_SINGLE_CID_WITH_SMILES,CC1C=CC=CC=CC=CC=CC=CC=CC(CC2C(C(CC(O2)(CC(CC(C(CCC(CC(CC(=O)OC(C(C1O)C)C)O)O)O)O)O)O)O)C(=O)O)OC3C(C(C(C(O3)C)O)N)O,C[C@H]1/C=C/C=C/C=C/C=C/C=C/C=C/C=C/[C@@H](C[C@H]2[C@@H]([C@H](C[C@](O2)(C[C@H](C[C@H]([C@@H](CC[C@H](C[C@H](CC(=O)O[C@H]([C@@H]([C@@H]1O)C)C)O)O)O)O)O)O)O)C(=O)O)O[C@H]3[C@H]([C@H]([C@@H]([C@H](O3)C)O)N)O,924.1,0.0,320.0,12.0,18.0,3.0,65.0,0.0,5280965.0,,"https://pubchem.ncbi.nlm.nih.gov/rest/pug/compound/cid/5280965/property/CanonicalSMILES,IsomericSMILES,MolecularWeight,XLogP,TPSA,HBondDonorCount,HBondAcceptorCount,RotatableBondCount,HeavyAtomCount,Charge/JSON",,0,353,69,#9,2026-08-10T16:46:49.783130+00:00,PubChem PUG REST,https://pubchem.ncbi.nlm.nih.gov/docs/pug-rest,#9,2026-08-10T16:50:47.151777+00:00
Anisomycin,https://pubchem.ncbi.nlm.nih.gov/rest/pug/compound/name/Anisomycin/cids/JSON,200.0,253602,1.0,MAPPED,EXACT_NAME_SINGLE_CID_WITH_SMILES,CC(=O)OC1C(CNC1CC2=CC=C(C=C2)OC)O,CC(=O)O[C@@H]1[C@H](CN[C@@H]1CC2=CC=C(C=C2)OC)O,265.3,0.9,67.8,2.0,5.0,5.0,19.0,0.0,253602.0,,"https://pubchem.ncbi.nlm.nih.gov/rest/pug/compound/cid/253602/property/CanonicalSMILES,IsomericSMILES,MolecularWeight,XLogP,TPSA,HBondDonorCount,HBondAcceptorCount,RotatableBondCount,HeavyAtomCount,Charge/JSON",,186,52,50,"#45,#9",2026-08-10T16:46:49.783130+00:00,PubChem PUG REST,https://pubchem.ncbi.nlm.nih.gov/docs/pug-rest,"#45,#9",2026-08-10T16:50:47.151777+00:00
Artemisinin,https://pubchem.ncbi.nlm.nih.gov/rest/pug/compound/name/Artemisinin/cids/JSON,200.0,68827,1.0,MAPPED,EXACT_NAME_SINGLE_CID_WITH_SMILES,CC1CCC2C(C(=O)OC3C24C1CCC(O3)(OO4)C)C,C[C@@H]1CC[C@H]2[C@H](C(=O)O[C@H]3[C@@]24[C@H]1CC[C@](O3)(OO4)C)C,282.33,2.8,54.0,0.0,5.0,0.0,20.0,0.0,68827.0,,"https://pubchem.ncbi.nlm.nih.gov/rest/pug/compound/cid/68827/property/CanonicalSMILES,IsomericSMILES,MolecularWeight,XLogP,TPSA,HBondDonorCount,HBondAcceptorCount,RotatableBondCount,HeavyAtomCount,Charge/JSON",,90,27,26,#10,2026-08-10T16:46:49.783130+00:00,PubChem PUG REST,https://pubchem.ncbi.nlm.nih.gov/docs/pug-rest,#10,2026-08-10T16:50:47.151777+00:00
Brefeldin A,https://pubchem.ncbi.nlm.nih.gov/rest/pug/compound/name/Brefeldin%20A/cids/JSON,200.0,5287620,1.0,MAPPED,EXACT_NAME_SINGLE_CID_WITH_SMILES,CC1CCCC=CC2CC(CC2C(C=CC(=O)O1)O)O,C[C@H]1CCC/C=C/[C@@H]2C[C@@H](C[C@H]2[C@@H](/C=C/C(=O)O1)O)O,280.36,2.0,66.8,2.0,4.0,0.0,20.0,0.0,5287620.0,,"https://pubchem.ncbi.nlm.nih.gov/rest/pug/compound/cid/5287620/property/CanonicalSMILES,IsomericSMILES,MolecularWeight,XLogP,TPSA,HBondDonorCount,HBondAcceptorCount,RotatableBondCount,HeavyAtomCount,Charge/JSON",,176,58,54,"#11,#44",2026-08-10T16:46:49.783130+00:00,PubChem PUG REST,https://pubchem.ncbi.nlm.nih.gov/docs/pug-rest,"#11,#44",2026-08-10T16:50:47.151777+00:00
CHX,https://pubchem.ncbi.nlm.nih.gov/rest/pug/compound/name/CHX/cids/JSON,404.0,,0.0,UNMAPPED,NO_HIT,,,,,,,,,,,,,,"{
  ""Fault"": {
    ""Code"": ""PUGREST.NotFound"",
    ""Message"": ""No CID found"",
    ""Details"": [
      ""No CID found that matches the given name""
    ]
  }
}
",273,54,77,#6,2026-08-10T16:46:49.783130+00:00,PubChem PUG REST,https://pubchem.ncbi.nlm.nih.gov/docs/pug-rest,#6,2026-08-10T16:50:47.151777+00:00
Cisplatin,https://pubchem.ncbi.nlm.nih.gov/rest/pug/compound/name/Cisplatin/cids/JSON,200.0,5702198,1.0,MAPPED,EXACT_NAME_SINGLE_CID_WITH_SMILES,N.N.Cl[Pt]Cl,N.N.Cl[Pt]Cl,300.05,,2.0,2.0,2.0,0.0,5.0,0.0,5702198.0,,"https://pubchem.ncbi.nlm.nih.gov/rest/pug/compound/cid/5702198/property/CanonicalSMILES,IsomericSMILES,MolecularWeight,XLogP,TPSA,HBondDonorCount,HBondAcceptorCount,RotatableBondCount,HeavyAtomCount,Charge/JSON",,269,80,76,#5,2026-08-10T16:46:49.783130+00:00,PubChem PUG REST,https://pubchem.ncbi.nlm.nih.gov/docs/pug-rest,#5,2026-08-10T16:50:47.151777+00:00
Clomiphene citrate,https://pubchem.ncbi.nlm.nih.gov/rest/pug/compound/name/Clomiphene%20citrate/cids/JSON,200.0,60974,1.0,MAPPED,EXACT_NAME_SINGLE_CID_WITH_SMILES,CCN(CC)CCOC1=CC=C(C=C1)C(=C(C2=CC=CC=C2)Cl)C3=CC=CC=C3.C(C(=O)O)C(CC(=O)O)(C(=O)O)O,CCN(CC)CCOC1=CC=C(C=C1)C(=C(C2=CC=CC=C2)Cl)C3=CC=CC=C3.C(C(=O)O)C(CC(=O)O)(C(=O)O)O,598.1,,145.0,4.0,9.0,14.0,42.0,0.0,60974.0,,"https://pubchem.ncbi.nlm.nih.gov/rest/pug/compound/cid/60974/property/CanonicalSMILES,IsomericSMILES,MolecularWeight,XLogP,TPSA,HBondDonorCount,HBondAcceptorCount,RotatableBondCount,HeavyAtomCount,Charge/JSON",,90,27,27,#12,2026-08-10T16:46:49.783130+00:00,PubChem PUG REST,https://pubchem.ncbi.nlm.nih.gov/docs/pug-rest,#12,2026-08-10T16:50:47.151777+00:00
Clotrimazole,https://pubchem.ncbi.nlm.nih.gov/rest/pug/compound/name/Clotrimazole/cids/JSON,200.0,2812,1.0,MAPPED,EXACT_NAME_SINGLE_CID_WITH_SMILES,C1=CC=C(C=C1)C(C2=CC=CC=C2)(C3=CC=CC=C3Cl)N4C=CN=C4,C1=CC=C(C=C1)C(C2=CC=CC=C2)(C3=CC=CC=C3Cl)N4C=CN=C4,344.8,5.0,17.8,0.0,1.0,4.0,25.0,0.0,2812.0,,"https://pubchem.ncbi.nlm.nih.gov/rest/pug/compound/cid/2812/property/CanonicalSMILES,IsomericSMILES,MolecularWeight,XLogP,TPSA,HBondDonorCount,HBondAcceptorCount,RotatableBondCount,HeavyAtomCount,Charge/JSON",,91,26,27,#13,2026-08-10T16:46:49.783130+00:00,PubChem PUG REST,https://pubchem.ncbi.nlm.nih.gov/docs/pug-rest,#13,2026-08-10T16:50:47.151777+00:00
Cyclopiazonic acid,https://pubchem.ncbi.nlm.nih.gov/rest/pug/compound/name/Cyclopiazonic%20acid/cids/JSON,200.0,54682463,1.0,MAPPED,EXACT_NAME_SINGLE_CID_WITH_SMILES,CC(=O)C1=C(C2C3C(CC4=C5C3=CNC5=CC=C4)C(N2C1=O)(C)C)O,CC(=O)C1=C([C@@H]2[C@@H]3[C@@H](CC4=C5C3=CNC5=CC=C4)C(N2C1=O)(C)C)O,336.4,2.2,73.4,2.0,3.0,1.0,25.0,0.0,54682463.0,,"https://pubchem.ncbi.nlm.nih.gov/rest/pug/compound/cid/54682463/property/CanonicalSMILES,IsomericSMILES,MolecularWeight,XLogP,TPSA,HBondDonorCount,HBondAcceptorCount,RotatableBondCount,HeavyAtomCount,Charge/JSON",,86,29,24,#14,2026-08-10T16:46:49.783130+00:00,PubChem PUG REST,https://pubchem.ncbi.nlm.nih.gov/docs/pug-rest,#14,2026-08-10T16:50:47.151777+00:00
DMSO,https://pubchem.ncbi.nlm.nih.gov/rest/pug/compound/name/DMSO/cids/JSON,200.0,679,1.0,MAPPED,EXACT_NAME_SINGLE_CID_WITH_SMILES,CS(=O)C,CS(=O)C,78.14,-0.6,36.3,0.0,2.0,0.0,4.0,0.0,679.0,,"https://pubchem.ncbi.nlm.nih.gov/rest/pug/compound/cid/679/property/CanonicalSMILES,IsomericSMILES,MolecularWeight,XLogP,TPSA,HBondDonorCount,HBondAcceptorCount,RotatableBondCount,HeavyAtomCount,Charge/JSON",,368,102,99,"#12,#2",2026-08-10T16:46:49.783130+00:00,PubChem PUG REST,https://pubchem.ncbi.nlm.nih.gov/docs/pug-rest,"#12,#2",2026-08-10T16:50:47.151777+00:00
Desipramine hydrochloride,https://pubchem.ncbi.nlm.nih.gov/rest/pug/compound/name/Desipramine%20hydrochloride/cids/JSON,200.0,65327,1.0,MAPPED,EXACT_NAME_SINGLE_CID_WITH_SMILES,CNCCCN1C2=CC=CC=C2CCC3=CC=CC=C31.Cl,CNCCCN1C2=CC=CC=C2CCC3=CC=CC=C31.Cl,302.8,,15.3,2.0,2.0,4.0,21.0,0.0,65327.0,,"https://pubchem.ncbi.nlm.nih.gov/rest/pug/compound/cid/65327/property/CanonicalSMILES,IsomericSMILES,MolecularWeight,XLogP,TPSA,HBondDonorCount,HBondAcceptorCount,RotatableBondCount,HeavyAtomCount,Charge/JSON",,92,25,23,#15,2026-08-10T16:46:49.783130+00:00,PubChem PUG REST,https://pubchem.ncbi.nlm.nih.gov/docs/pug-rest,#15,2026-08-10T16:50:47.151777+00:00
Doxycycline hyclate,https://pubchem.ncbi.nlm.nih.gov/rest/pug/compound/name/Doxycycline%20hyclate/cids/JSON,200.0,"54686183,54705095,54671203,54686898,54685920,57514051,131673820,54729367,57515985",9.0,AMBIGUOUS,MULTIPLE_CIDS_FOR_EXACT_NAME,,,,,,,,,,,,,,,0,0,143,#16,2026-08-10T16:46:49.783130+00:00,PubChem PUG REST,https://pubchem.ncbi.nlm.nih.gov/docs/pug-rest,#16,2026-08-10T16:50:47.151777+00:00
Dyclonine hydrochloride,https://pubchem.ncbi.nlm.nih.gov/rest/pug/compound/name/Dyclonine%20hydrochloride/cids/JSON,200.0,68304,1.0,MAPPED,EXACT_NAME_SINGLE_CID_WITH_SMILES,CCCCOC1=CC=C(C=C1)C(=O)CCN2CCCCC2.Cl,CCCCOC1=CC=C(C=C1)C(=O)CCN2CCCCC2.Cl,325.9,,29.5,1.0,3.0,8.0,22.0,0.0,68304.0,,"https://pubchem.ncbi.nlm.nih.gov/rest/pug/compound/cid/68304/property/CanonicalSMILES,IsomericSMILES,MolecularWeight,XLogP,TPSA,HBondDonorCount,HBondAcceptorCount,RotatableBondCount,HeavyAtomCount,Charge/JSON",,64,16,25,#17,2026-08-10T16:46:49.783130+00:00,PubChem PUG REST,https://pubchem.ncbi.nlm.nih.gov/docs/pug-rest,#17,2026-08-10T16:50:47.151777+00:00
EDTA,https://pubchem.ncbi.nlm.nih.gov/rest/pug/compound/name/EDTA/cids/JSON,200.0,6049,1.0,MAPPED,EXACT_NAME_SINGLE_CID_WITH_SMILES,C(CN(CC(=O)O)CC(=O)O)N(CC(=O)O)CC(=O)O,C(CN(CC(=O)O)CC(=O)O)N(CC(=O)O)CC(=O)O,292.24,-5.9,156.0,4.0,10.0,11.0,20.0,0.0,6049.0,,"https://pubchem.ncbi.nlm.nih.gov/rest/pug/compound/cid/6049/property/CanonicalSMILES,IsomericSMILES,MolecularWeight,XLogP,TPSA,HBondDonorCount,HBondAcceptorCount,RotatableBondCount,HeavyAtomCount,Charge/JSON",,543,156,151,"#16,#2",2026-08-10T16:46:49.783130+00:00,PubChem PUG REST,https://pubchem.ncbi.nlm.nih.gov/docs/pug-rest,"#16,#2",2026-08-10T16:50:47.151777+00:00
Emodin,https://pubchem.ncbi.nlm.nih.gov/rest/pug/compound/name/Emodin/cids/JSON,200.0,3220,1.0,MAPPED,EXACT_NAME_SINGLE_CID_WITH_SMILES,CC1=CC2=C(C(=C1)O)C(=O)C3=C(C2=O)C=C(C=C3O)O,CC1=CC2=C(C(=C1)O)C(=O)C3=C(C2=O)C=C(C=C3O)O,270.24,2.7,94.8,3.0,5.0,0.0,20.0,0.0,3220.0,,"https://pubchem.ncbi.nlm.nih.gov/rest/pug/compound/cid/3220/property/CanonicalSMILES,IsomericSMILES,MolecularWeight,XLogP,TPSA,HBondDonorCount,HBondAcceptorCount,RotatableBondCount,HeavyAtomCount,Charge/JSON",,93,25,26,#18,2026-08-10T16:46:49.783130+00:00,PubChem PUG REST,https://pubchem.ncbi.nlm.nih.gov/docs/pug-rest,#18,2026-08-10T16:50:47.151777+00:00
FCCP,https://pubchem.ncbi.nlm.nih.gov/rest/pug/compound/name/FCCP/cids/JSON,200.0,3330,1.0,MAPPED,EXACT_NAME_SINGLE_CID_WITH_SMILES,C1=CC(=CC=C1NN=C(C#N)C#N)OC(F)(F)F,C1=CC(=CC=C1NN=C(C#N)C#N)OC(F)(F)F,254.17,3.7,81.2,1.0,8.0,3.0,18.0,0.0,3330.0,,"https://pubchem.ncbi.nlm.nih.gov/rest/pug/compound/cid/3330/property/CanonicalSMILES,IsomericSMILES,MolecularWeight,XLogP,TPSA,HBondDonorCount,HBondAcceptorCount,RotatableBondCount,HeavyAtomCount,Charge/JSON",,0,356,70,#11,2026-08-10T16:46:49.783130+00:00,PubChem PUG REST,https://pubchem.ncbi.nlm.nih.gov/docs/pug-rest,#11,2026-08-10T16:50:47.151777+00:00
Fluconazole,https://pubchem.ncbi.nlm.nih.gov/rest/pug/compound/name/Fluconazole/cids/JSON,200.0,3365,1.0,MAPPED,EXACT_NAME_SINGLE_CID_WITH_SMILES,C1=CC(=C(C=C1F)F)C(CN2C=NC=N2)(CN3C=NC=N3)O,C1=CC(=C(C=C1F)F)C(CN2C=NC=N2)(CN3C=NC=N3)O,306.27,0.4,81.7,1.0,7.0,5.0,22.0,0.0,3365.0,,"https://pubchem.ncbi.nlm.nih.gov/rest/pug/compound/cid/3365/property/CanonicalSMILES,IsomericSMILES,MolecularWeight,XLogP,TPSA,HBondDonorCount,HBondAcceptorCount,RotatableBondCount,HeavyAtomCount,Charge/JSON",,0,0,143,#19,2026-08-10T16:46:49.783130+00:00,PubChem PUG REST,https://pubchem.ncbi.nlm.nih.gov/docs/pug-rest,#19,2026-08-10T16:50:47.151777+00:00
G418,https://pubchem.ncbi.nlm.nih.gov/rest/pug/compound/name/G418/cids/JSON,200.0,123865,1.0,MAPPED,EXACT_NAME_SINGLE_CID_WITH_SMILES,CC(C1C(C(C(C(O1)OC2C(CC(C(C2O)OC3C(C(C(CO3)(C)O)NC)O)N)N)N)O)O)O,C[C@H]([C@@H]1[C@H]([C@@H]([C@H]([C@H](O1)O[C@@H]2[C@H](C[C@H]([C@@H]([C@H]2O)O[C@@H]3[C@@H]([C@H]([C@@](CO3)(C)O)NC)O)N)N)N)O)O)O,496.6,-5.8,248.0,10.0,14.0,6.0,34.0,0.0,123865.0,,"https://pubchem.ncbi.nlm.nih.gov/rest/pug/compound/cid/123865/property/CanonicalSMILES,IsomericSMILES,MolecularWeight,XLogP,TPSA,HBondDonorCount,HBondAcceptorCount,RotatableBondCount,HeavyAtomCount,Charge/JSON",,0,0,425,#8,2026-08-10T16:46:49.783130+00:00,PubChem PUG REST,https://pubchem.ncbi.nlm.nih.gov/docs/pug-rest,#8,2026-08-10T16:50:47.151777+00:00
Geldanamycin,https://pubchem.ncbi.nlm.nih.gov/rest/pug/compound/name/Geldanamycin/cids/JSON,200.0,5288382,1.0,MAPPED,EXACT_NAME_SINGLE_CID_WITH_SMILES,CC1CC(C(C(C=C(C(C(C=CC=C(C(=O)NC2=CC(=O)C(=C(C1)C2=O)OC)C)OC)OC(=O)N)C)C)O)OC,C[C@H]1C[C@@H]([C@@H]([C@H](/C=C(/[C@@H]([C@H](/C=C\C=C(\C(=O)NC2=CC(=O)C(=C(C1)C2=O)OC)/C)OC)OC(=O)N)\C)C)O)OC,560.6,2.0,163.0,3.0,9.0,5.0,40.0,0.0,5288382.0,,"https://pubchem.ncbi.nlm.nih.gov/rest/pug/compound/cid/5288382/property/CanonicalSMILES,IsomericSMILES,MolecularWeight,XLogP,TPSA,HBondDonorCount,HBondAcceptorCount,RotatableBondCount,HeavyAtomCount,Charge/JSON",,91,27,26,#20,2026-08-10T16:46:49.783130+00:00,PubChem PUG REST,https://pubchem.ncbi.nlm.nih.gov/docs/pug-rest,#20,2026-08-10T16:50:47.151777+00:00
H2O2,https://pubchem.ncbi.nlm.nih.gov/rest/pug/compound/name/hydrogen%20peroxide/cids/JSON,200.0,784,1.0,MAPPED,VERIFIED_PUBCHEM_SYNONYM_ALIAS,OO,OO,34.015,-0.9,40.5,2.0,2.0,0.0,2.0,0.0,784.0,,"https://pubchem.ncbi.nlm.nih.gov/rest/pug/compound/cid/784/property/CanonicalSMILES,IsomericSMILES,MolecularWeight,XLogP,TPSA,HBondDonorCount,HBondAcceptorCount,RotatableBondCount,HeavyAtomCount,Charge/JSON",Response ended prematurely,0,0,402,#3,2026-08-10T16:46:49.783130+00:00,PubChem PUG REST,https://pubchem.ncbi.nlm.nih.gov/docs/pug-rest,#3,2026-08-10T16:50:47.151777+00:00
Haloperidol,https://pubchem.ncbi.nlm.nih.gov/rest/pug/compound/name/Haloperidol/cids/JSON,200.0,3559,1.0,MAPPED,EXACT_NAME_SINGLE_CID_WITH_SMILES,C1CN(CCC1(C2=CC=C(C=C2)Cl)O)CCCC(=O)C3=CC=C(C=C3)F,C1CN(CCC1(C2=CC=C(C=C2)Cl)O)CCCC(=O)C3=CC=C(C=C3)F,375.9,3.2,40.5,1.0,4.0,6.0,26.0,0.0,3559.0,,"https://pubchem.ncbi.nlm.nih.gov/rest/pug/compound/cid/3559/property/CanonicalSMILES,IsomericSMILES,MolecularWeight,XLogP,TPSA,HBondDonorCount,HBondAcceptorCount,RotatableBondCount,HeavyAtomCount,Charge/JSON",,92,27,25,#21,2026-08-10T16:46:49.783130+00:00,PubChem PUG REST,https://pubchem.ncbi.nlm.nih.gov/docs/pug-rest,#21,2026-08-10T16:50:47.151777+00:00
Harmine hydrochloride,https://pubchem.ncbi.nlm.nih.gov/rest/pug/compound/name/Harmine%20hydrochloride/cids/JSON,200.0,5359389,1.0,MAPPED,EXACT_NAME_SINGLE_CID_WITH_SMILES,CC1=NC=CC2=C1NC3=C2C=CC(=C3)OC.Cl,CC1=NC=CC2=C1NC3=C2C=CC(=C3)OC.Cl,248.71,,37.9,2.0,2.0,1.0,17.0,0.0,5359389.0,,"https://pubchem.ncbi.nlm.nih.gov/rest/pug/compound/cid/5359389/property/CanonicalSMILES,IsomericSMILES,MolecularWeight,XLogP,TPSA,HBondDonorCount,HBondAcceptorCount,RotatableBondCount,HeavyAtomCount,Charge/JSON",,89,28,27,#22,2026-08-10T16:46:49.783130+00:00,PubChem PUG REST,https://pubchem.ncbi.nlm.nih.gov/docs/pug-rest,#22,2026-08-10T16:50:47.151777+00:00
Hoechst 33258,https://pubchem.ncbi.nlm.nih.gov/rest/pug/compound/name/Hoechst%2033258/cids/JSON,200.0,"2392,31953,182069,135705211,448194",5.0,AMBIGUOUS,MULTIPLE_CIDS_FOR_EXACT_NAME,,,,,,,,,,,,,,,89,26,28,#23,2026-08-10T16:46:49.783130+00:00,PubChem PUG REST,https://pubchem.ncbi.nlm.nih.gov/docs/pug-rest,#23,2026-08-10T16:50:47.151777+00:00
Hydroxyurea,https://pubchem.ncbi.nlm.nih.gov/rest/pug/compound/name/Hydroxyurea/cids/JSON,200.0,3657,1.0,MAPPED,EXACT_NAME_SINGLE_CID_WITH_SMILES,C(=O)(N)NO,C(=O)(N)NO,76.055,-1.8,75.4,3.0,2.0,0.0,5.0,0.0,3657.0,,"https://pubchem.ncbi.nlm.nih.gov/rest/pug/compound/cid/3657/property/CanonicalSMILES,IsomericSMILES,MolecularWeight,XLogP,TPSA,HBondDonorCount,HBondAcceptorCount,RotatableBondCount,HeavyAtomCount,Charge/JSON",,0,356,70,#14,2026-08-10T16:46:49.783130+00:00,PubChem PUG REST,https://pubchem.ncbi.nlm.nih.gov/docs/pug-rest,#14,2026-08-10T16:50:47.151777+00:00
Hygromycin B,https://pubchem.ncbi.nlm.nih.gov/rest/pug/compound/name/Hygromycin%20B/cids/JSON,200.0,56928061,1.0,MAPPED,EXACT_NAME_SINGLE_CID_WITH_SMILES,CNC1CC(C(C(C1O)OC2C3C(C(C(O2)CO)O)OC4(O3)C(C(C(C(O4)C(CO)N)O)O)O)O)N,CN[C@H]1C[C@H]([C@@H]([C@H]([C@@H]1O)O[C@H]2[C@@H]3[C@H]([C@H]([C@H](O2)CO)O)OC4(O3)[C@@H]([C@H]([C@H]([C@H](O4)[C@H](CO)N)O)O)O)O)N,527.5,-6.6,272.0,11.0,16.0,6.0,36.0,0.0,56928061.0,,"https://pubchem.ncbi.nlm.nih.gov/rest/pug/compound/cid/56928061/property/CanonicalSMILES,IsomericSMILES,MolecularWeight,XLogP,TPSA,HBondDonorCount,HBondAcceptorCount,RotatableBondCount,HeavyAtomCount,Charge/JSON",,0,0,144,#24,2026-08-10T16:46:49.783130+00:00,PubChem PUG REST,https://pubchem.ncbi.nlm.nih.gov/docs/pug-rest,#24,2026-08-10T16:50:47.151777+00:00
LY 294002 hydrochloride,https://pubchem.ncbi.nlm.nih.gov/rest/pug/compound/name/LY%20294002%20hydrochloride/cids/JSON,200.0,11957589,1.0,MAPPED,EXACT_NAME_SINGLE_CID_WITH_SMILES,C1COCCN1C2=CC(=O)C3=C(O2)C(=CC=C3)C4=CC=CC=C4.Cl,C1COCCN1C2=CC(=O)C3=C(O2)C(=CC=C3)C4=CC=CC=C4.Cl,343.8,,38.8,1.0,4.0,2.0,24.0,0.0,11957589.0,,"https://pubchem.ncbi.nlm.nih.gov/rest/pug/compound/cid/11957589/property/CanonicalSMILES,IsomericSMILES,MolecularWeight,XLogP,TPSA,HBondDonorCount,HBondAcceptorCount,RotatableBondCount,HeavyAtomCount,Charge/JSON",,93,25,26,#25,2026-08-10T16:46:49.783130+00:00,PubChem PUG REST,https://pubchem.ncbi.nlm.nih.gov/docs/pug-rest,#25,2026-08-10T16:50:47.151777+00:00
MMS,https://pubchem.ncbi.nlm.nih.gov/rest/pug/compound/name/MMS/cids/JSON,200.0,4156,1.0,MAPPED,EXACT_NAME_SINGLE_CID_WITH_SMILES,COS(=O)(=O)C,COS(=O)(=O)C,110.13,-0.4,51.8,0.0,3.0,1.0,6.0,0.0,4156.0,,"https://pubchem.ncbi.nlm.nih.gov/rest/pug/compound/cid/4156/property/CanonicalSMILES,IsomericSMILES,MolecularWeight,XLogP,TPSA,HBondDonorCount,HBondAcceptorCount,RotatableBondCount,HeavyAtomCount,Charge/JSON",,0,0,522,"#4,#47",2026-08-10T16:46:49.783130+00:00,PubChem PUG REST,https://pubchem.ncbi.nlm.nih.gov/docs/pug-rest,"#4,#47",2026-08-10T16:50:47.151777+00:00
NaCl,https://pubchem.ncbi.nlm.nih.gov/rest/pug/compound/name/NaCl/cids/JSON,200.0,5234,1.0,MAPPED,EXACT_NAME_SINGLE_CID_WITH_SMILES,[Na+].[Cl-],[Na+].[Cl-],58.44,,0.0,0.0,1.0,0.0,2.0,0.0,5234.0,,"https://pubchem.ncbi.nlm.nih.gov/rest/pug/compound/cid/5234/property/CanonicalSMILES,IsomericSMILES,MolecularWeight,XLogP,TPSA,HBondDonorCount,HBondAcceptorCount,RotatableBondCount,HeavyAtomCount,Charge/JSON",,271,78,77,#13,2026-08-10T16:46:49.783130+00:00,PubChem PUG REST,https://pubchem.ncbi.nlm.nih.gov/docs/pug-rest,#13,2026-08-10T16:50:47.151777+00:00
Neomycin B,https://pubchem.ncbi.nlm.nih.gov/rest/pug/compound/name/Neomycin%20B/cids/JSON,200.0,8378,1.0,MAPPED,EXACT_NAME_SINGLE_CID_WITH_SMILES,C1C(C(C(C(C1N)OC2C(C(C(C(O2)CN)O)O)N)OC3C(C(C(O3)CO)OC4C(C(C(C(O4)CN)O)O)N)O)O)N,C1[C@H]([C@@H]([C@H]([C@@H]([C@H]1N)O[C@@H]2[C@@H]([C@H]([C@@H]([C@H](O2)CN)O)O)N)O[C@H]3[C@@H]([C@@H]([C@H](O3)CO)O[C@@H]4[C@@H]([C@H]([C@@H]([C@@H](O4)CN)O)O)N)O)O)N,614.6,-9.0,353.0,13.0,19.0,9.0,42.0,0.0,8378.0,,"https://pubchem.ncbi.nlm.nih.gov/rest/pug/compound/cid/8378/property/CanonicalSMILES,IsomericSMILES,MolecularWeight,XLogP,TPSA,HBondDonorCount,HBondAcceptorCount,RotatableBondCount,HeavyAtomCount,Charge/JSON",,0,0,143,#26,2026-08-10T16:46:49.783130+00:00,PubChem PUG REST,https://pubchem.ncbi.nlm.nih.gov/docs/pug-rest,#26,2026-08-10T16:50:47.151777+00:00
Nigericin,https://pubchem.ncbi.nlm.nih.gov/rest/pug/compound/name/Nigericin/cids/JSON,200.0,34230,1.0,MAPPED,EXACT_NAME_SINGLE_CID_WITH_SMILES,CC1CCC(OC1C(C)C(=O)O)CC2CC(C(C3(O2)C(CC(O3)(C)C4CCC(O4)(C)C5C(CC(O5)C6C(CC(C(O6)(CO)O)C)C)C)C)C)OC,C[C@H]1CC[C@@H](O[C@H]1[C@@H](C)C(=O)O)C[C@@H]2C[C@H]([C@H]([C@@]3(O2)[C@@H](C[C@@](O3)(C)[C@H]4CC[C@@](O4)(C)[C@H]5[C@H](C[C@@H](O5)[C@@H]6[C@H](C[C@H]([C@@](O6)(CO)O)C)C)C)C)C)OC,725.0,5.5,142.0,3.0,11.0,9.0,51.0,0.0,34230.0,,"https://pubchem.ncbi.nlm.nih.gov/rest/pug/compound/cid/34230/property/CanonicalSMILES,IsomericSMILES,MolecularWeight,XLogP,TPSA,HBondDonorCount,HBondAcceptorCount,RotatableBondCount,HeavyAtomCount,Charge/JSON",,92,27,25,#27,2026-08-10T16:46:49.783130+00:00,PubChem PUG REST,https://pubchem.ncbi.nlm.nih.gov/docs/pug-rest,#27,2026-08-10T16:50:47.151777+00:00
Nocodazole,https://pubchem.ncbi.nlm.nih.gov/rest/pug/compound/name/Nocodazole/cids/JSON,200.0,4122,1.0,MAPPED,EXACT_NAME_SINGLE_CID_WITH_SMILES,COC(=O)NC1=NC2=C(N1)C=C(C=C2)C(=O)C3=CC=CS3,COC(=O)NC1=NC2=C(N1)C=C(C=C2)C(=O)C3=CC=CS3,301.32,2.8,112.0,2.0,5.0,4.0,21.0,0.0,4122.0,,"https://pubchem.ncbi.nlm.nih.gov/rest/pug/compound/cid/4122/property/CanonicalSMILES,IsomericSMILES,MolecularWeight,XLogP,TPSA,HBondDonorCount,HBondAcceptorCount,RotatableBondCount,HeavyAtomCount,Charge/JSON",,90,27,27,#28,2026-08-10T16:46:49.783130+00:00,PubChem PUG REST,https://pubchem.ncbi.nlm.nih.gov/docs/pug-rest,#28,2026-08-10T16:50:47.151777+00:00
Nystatin dihydrate,https://pubchem.ncbi.nlm.nih.gov/rest/pug/compound/name/Nystatin%20dihydrate/cids/JSON,200.0,154809619,1.0,MAPPED,EXACT_NAME_SINGLE_CID_WITH_SMILES,CC1C=CC=CCCC=CC=CC=CC=CC(CC2C(C(CC(O2)(CC(C(CCC(CC(CC(CC(=O)OC(C(C1O)C)C)O)O)O)O)O)O)O)C(=O)O)OC3C(C(C(C(O3)C)O)N)O.O.O,C[C@@H]1[C@H]([C@@H]([C@@H]([C@@H](O1)OC2CC3C(C(CC(O3)(CC(C(CCC(CC(CC(CC(=O)OC(C(C(C(/C=C/C=C/CC/C=C/C=C/C=C/C=C2)C)O)C)C)O)O)O)O)O)O)O)C(=O)O)O)N)O.O.O,962.1,,322.0,14.0,20.0,3.0,67.0,0.0,154809619.0,,"https://pubchem.ncbi.nlm.nih.gov/rest/pug/compound/cid/154809619/property/CanonicalSMILES,IsomericSMILES,MolecularWeight,XLogP,TPSA,HBondDonorCount,HBondAcceptorCount,RotatableBondCount,HeavyAtomCount,Charge/JSON",,93,25,26,#29,2026-08-10T16:46:49.783130+00:00,PubChem PUG REST,https://pubchem.ncbi.nlm.nih.gov/docs/pug-rest,#29,2026-08-10T16:50:47.151777+00:00
Oligomycin,https://pubchem.ncbi.nlm.nih.gov/rest/pug/compound/name/Oligomycin/cids/JSON,404.0,,0.0,UNMAPPED,NO_HIT,,,,,,,,,,,,,,"{
  ""Fault"": {
    ""Code"": ""PUGREST.NotFound"",
    ""Message"": ""No CID found"",
    ""Details"": [
      ""No CID found that matches the given name""
    ]
  }
}
",92,25,27,#30,2026-08-10T16:46:49.783130+00:00,PubChem PUG REST,https://pubchem.ncbi.nlm.nih.gov/docs/pug-rest,#30,2026-08-10T16:50:47.151777+00:00
Parthenolide,https://pubchem.ncbi.nlm.nih.gov/rest/pug/compound/name/Parthenolide/cids/JSON,200.0,6473881,1.0,MAPPED,EXACT_NAME_SINGLE_CID_WITH_SMILES,CC1=CCCC2(C(O2)C3C(CC1)C(=C)C(=O)O3)C,C/C/1=C\CC[C@@]2([C@@H](O2)[C@@H]3[C@@H](CC1)C(=C)C(=O)O3)C,248.32,2.3,38.8,0.0,3.0,0.0,18.0,0.0,6473881.0,,"https://pubchem.ncbi.nlm.nih.gov/rest/pug/compound/cid/6473881/property/CanonicalSMILES,IsomericSMILES,MolecularWeight,XLogP,TPSA,HBondDonorCount,HBondAcceptorCount,RotatableBondCount,HeavyAtomCount,Charge/JSON",,92,26,26,#31,2026-08-10T16:46:49.783130+00:00,PubChem PUG REST,https://pubchem.ncbi.nlm.nih.gov/docs/pug-rest,#31,2026-08-10T16:50:47.151777+00:00
Pentamidine isethionate,https://pubchem.ncbi.nlm.nih.gov/rest/pug/compound/name/Pentamidine%20isethionate/cids/JSON,200.0,8813,1.0,MAPPED,EXACT_NAME_SINGLE_CID_WITH_SMILES,C1=CC(=CC=C1C(=N)N)OCCCCCOC2=CC=C(C=C2)C(=N)N.C(CS(=O)(=O)O)O.C(CS(=O)(=O)O)O,C1=CC(=CC=C1C(=N)N)OCCCCCOC2=CC=C(C=C2)C(=N)N.C(CS(=O)(=O)O)O.C(CS(=O)(=O)O)O,592.7,,284.0,8.0,12.0,14.0,39.0,0.0,8813.0,,"https://pubchem.ncbi.nlm.nih.gov/rest/pug/compound/cid/8813/property/CanonicalSMILES,IsomericSMILES,MolecularWeight,XLogP,TPSA,HBondDonorCount,HBondAcceptorCount,RotatableBondCount,HeavyAtomCount,Charge/JSON",,0,119,24,#32,2026-08-10T16:46:49.783130+00:00,PubChem PUG REST,https://pubchem.ncbi.nlm.nih.gov/docs/pug-rest,#32,2026-08-10T16:50:47.151777+00:00
Plumbagin,https://pubchem.ncbi.nlm.nih.gov/rest/pug/compound/name/Plumbagin/cids/JSON,200.0,10205,1.0,MAPPED,EXACT_NAME_SINGLE_CID_WITH_SMILES,CC1=CC(=O)C2=C(C1=O)C=CC=C2O,CC1=CC(=O)C2=C(C1=O)C=CC=C2O,188.18,2.3,54.4,1.0,3.0,0.0,14.0,0.0,10205.0,,"https://pubchem.ncbi.nlm.nih.gov/rest/pug/compound/cid/10205/property/CanonicalSMILES,IsomericSMILES,MolecularWeight,XLogP,TPSA,HBondDonorCount,HBondAcceptorCount,RotatableBondCount,HeavyAtomCount,Charge/JSON",,0,0,144,#33,2026-08-10T16:46:49.783130+00:00,PubChem PUG REST,https://pubchem.ncbi.nlm.nih.gov/docs/pug-rest,#33,2026-08-10T16:50:47.151777+00:00
Quality Control,,,,,QC_EXCLUDED,QC_NOT_A_COMPOUND,,,,,,,,,,,,,,,91,27,26,#48,2026-08-10T16:46:49.783130+00:00,PubChem PUG REST,https://pubchem.ncbi.nlm.nih.gov/docs/pug-rest,#48,2026-08-10T16:50:47.151777+00:00
Raloxifene hydrochloride,https://pubchem.ncbi.nlm.nih.gov/rest/pug/compound/name/Raloxifene%20hydrochloride/cids/JSON,200.0,54900,1.0,MAPPED,EXACT_NAME_SINGLE_CID_WITH_SMILES,C1CCN(CC1)CCOC2=CC=C(C=C2)C(=O)C3=C(SC4=C3C=CC(=C4)O)C5=CC=C(C=C5)O.Cl,C1CCN(CC1)CCOC2=CC=C(C=C2)C(=O)C3=C(SC4=C3C=CC(=C4)O)C5=CC=C(C=C5)O.Cl,510.0,,98.2,3.0,6.0,7.0,35.0,0.0,54900.0,,"https://pubchem.ncbi.nlm.nih.gov/rest/pug/compound/cid/54900/property/CanonicalSMILES,IsomericSMILES,MolecularWeight,XLogP,TPSA,HBondDonorCount,HBondAcceptorCount,RotatableBondCount,HeavyAtomCount,Charge/JSON",,0,30,15,#34,2026-08-10T16:46:49.783130+00:00,PubChem PUG REST,https://pubchem.ncbi.nlm.nih.gov/docs/pug-rest,#34,2026-08-10T16:50:47.151777+00:00
Rapamycin,https://pubchem.ncbi.nlm.nih.gov/rest/pug/compound/name/Rapamycin/cids/JSON,200.0,5284616,1.0,MAPPED,EXACT_NAME_SINGLE_CID_WITH_SMILES,CC1CCC2CC(C(=CC=CC=CC(CC(C(=O)C(C(C(=CC(C(=O)CC(OC(=O)C3CCCCN3C(=O)C(=O)C1(O2)O)C(C)CC4CCC(C(C4)OC)O)C)C)O)OC)C)C)C)OC,C[C@@H]1CC[C@H]2C[C@@H](/C(=C/C=C/C=C/[C@H](C[C@H](C(=O)[C@@H]([C@@H](/C(=C/[C@H](C(=O)C[C@H](OC(=O)[C@@H]3CCCCN3C(=O)C(=O)[C@@]1(O2)O)[C@H](C)C[C@@H]4CC[C@H]([C@@H](C4)OC)O)C)/C)O)OC)C)C)/C)OC,914.2,6.0,195.0,3.0,13.0,6.0,65.0,0.0,5284616.0,,"https://pubchem.ncbi.nlm.nih.gov/rest/pug/compound/cid/5284616/property/CanonicalSMILES,IsomericSMILES,MolecularWeight,XLogP,TPSA,HBondDonorCount,HBondAcceptorCount,RotatableBondCount,HeavyAtomCount,Charge/JSON",,267,79,80,#10,2026-08-10T16:46:49.783130+00:00,PubChem PUG REST,https://pubchem.ncbi.nlm.nih.gov/docs/pug-rest,#10,2026-08-10T16:50:47.151777+00:00
SDS,https://pubchem.ncbi.nlm.nih.gov/rest/pug/compound/name/SDS/cids/JSON,404.0,,0.0,UNMAPPED,NO_HIT,,,,,,,,,,,,,,"{
  ""Fault"": {
    ""Code"": ""PUGREST.NotFound"",
    ""Message"": ""No CID found"",
    ""Details"": [
      ""No CID found that matches the given name""
    ]
  }
}
",268,78,79,#7,2026-08-10T16:46:49.783130+00:00,PubChem PUG REST,https://pubchem.ncbi.nlm.nih.gov/docs/pug-rest,#7,2026-08-10T16:50:47.151777+00:00
Sorbitol,https://pubchem.ncbi.nlm.nih.gov/rest/pug/compound/name/Sorbitol/cids/JSON,200.0,5780,1.0,MAPPED,EXACT_NAME_SINGLE_CID_WITH_SMILES,C(C(C(C(C(CO)O)O)O)O)O,C([C@H]([C@H]([C@@H]([C@H](CO)O)O)O)O)O,182.17,-3.1,121.0,6.0,6.0,5.0,12.0,0.0,5780.0,,"https://pubchem.ncbi.nlm.nih.gov/rest/pug/compound/cid/5780/property/CanonicalSMILES,IsomericSMILES,MolecularWeight,XLogP,TPSA,HBondDonorCount,HBondAcceptorCount,RotatableBondCount,HeavyAtomCount,Charge/JSON",,267,82,77,#15,2026-08-10T16:46:49.783130+00:00,PubChem PUG REST,https://pubchem.ncbi.nlm.nih.gov/docs/pug-rest,#15,2026-08-10T16:50:47.151777+00:00
Staurosporine,https://pubchem.ncbi.nlm.nih.gov/rest/pug/compound/name/Staurosporine/cids/JSON,200.0,44259,1.0,MAPPED,EXACT_NAME_SINGLE_CID_WITH_SMILES,CC12C(C(CC(O1)N3C4=CC=CC=C4C5=C6C(=C7C8=CC=CC=C8N2C7=C53)CNC6=O)NC)OC,C[C@@]12[C@@H]([C@@H](C[C@@H](O1)N3C4=CC=CC=C4C5=C6C(=C7C8=CC=CC=C8N2C7=C53)CNC6=O)NC)OC,466.5,3.2,69.5,2.0,4.0,2.0,35.0,0.0,44259.0,,"https://pubchem.ncbi.nlm.nih.gov/rest/pug/compound/cid/44259/property/CanonicalSMILES,IsomericSMILES,MolecularWeight,XLogP,TPSA,HBondDonorCount,HBondAcceptorCount,RotatableBondCount,HeavyAtomCount,Charge/JSON",,67,27,11,#35,2026-08-10T16:46:49.783130+00:00,PubChem PUG REST,https://pubchem.ncbi.nlm.nih.gov/docs/pug-rest,#35,2026-08-10T16:50:47.151777+00:00
Sulfometuron methyl,https://pubchem.ncbi.nlm.nih.gov/rest/pug/compound/name/Sulfometuron%20methyl/cids/JSON,200.0,52997,1.0,MAPPED,EXACT_NAME_SINGLE_CID_WITH_SMILES,CC1=CC(=NC(=N1)NC(=O)NS(=O)(=O)C2=CC=CC=C2C(=O)OC)C,CC1=CC(=NC(=N1)NC(=O)NS(=O)(=O)C2=CC=CC=C2C(=O)OC)C,364.4,1.9,136.0,2.0,7.0,5.0,25.0,0.0,52997.0,,"https://pubchem.ncbi.nlm.nih.gov/rest/pug/compound/cid/52997/property/CanonicalSMILES,IsomericSMILES,MolecularWeight,XLogP,TPSA,HBondDonorCount,HBondAcceptorCount,RotatableBondCount,HeavyAtomCount,Charge/JSON",,0,120,24,#36,2026-08-10T16:46:49.783130+00:00,PubChem PUG REST,https://pubchem.ncbi.nlm.nih.gov/docs/pug-rest,#36,2026-08-10T16:50:47.151777+00:00
Tamoxifen,https://pubchem.ncbi.nlm.nih.gov/rest/pug/compound/name/Tamoxifen/cids/JSON,200.0,2733526,1.0,MAPPED,EXACT_NAME_SINGLE_CID_WITH_SMILES,CCC(=C(C1=CC=CC=C1)C2=CC=C(C=C2)OCCN(C)C)C3=CC=CC=C3,CC/C(=C(\C1=CC=CC=C1)/C2=CC=C(C=C2)OCCN(C)C)/C3=CC=CC=C3,371.5,7.1,12.5,0.0,2.0,8.0,28.0,0.0,2733526.0,,"https://pubchem.ncbi.nlm.nih.gov/rest/pug/compound/cid/2733526/property/CanonicalSMILES,IsomericSMILES,MolecularWeight,XLogP,TPSA,HBondDonorCount,HBondAcceptorCount,RotatableBondCount,HeavyAtomCount,Charge/JSON",,0,0,144,#37,2026-08-10T16:46:49.783130+00:00,PubChem PUG REST,https://pubchem.ncbi.nlm.nih.gov/docs/pug-rest,#37,2026-08-10T16:50:47.151777+00:00
Trichostatin A,https://pubchem.ncbi.nlm.nih.gov/rest/pug/compound/name/Trichostatin%20A/cids/JSON,200.0,444732,1.0,MAPPED,EXACT_NAME_SINGLE_CID_WITH_SMILES,CC(C=C(C)C=CC(=O)NO)C(=O)C1=CC=C(C=C1)N(C)C,C[C@H](/C=C(\C)/C=C/C(=O)NO)C(=O)C1=CC=C(C=C1)N(C)C,302.37,2.7,69.6,2.0,4.0,6.0,22.0,0.0,444732.0,,"https://pubchem.ncbi.nlm.nih.gov/rest/pug/compound/cid/444732/property/CanonicalSMILES,IsomericSMILES,MolecularWeight,XLogP,TPSA,HBondDonorCount,HBondAcceptorCount,RotatableBondCount,HeavyAtomCount,Charge/JSON",,89,30,25,#38,2026-08-10T16:46:49.783130+00:00,PubChem PUG REST,https://pubchem.ncbi.nlm.nih.gov/docs/pug-rest,#38,2026-08-10T16:50:47.151777+00:00
Trifluoperazine dihydrochloride,https://pubchem.ncbi.nlm.nih.gov/rest/pug/compound/name/Trifluoperazine%20dihydrochloride/cids/JSON,200.0,66064,1.0,MAPPED,EXACT_NAME_SINGLE_CID_WITH_SMILES,CN1CCN(CC1)CCCN2C3=CC=CC=C3SC4=C2C=C(C=C4)C(F)(F)F.Cl.Cl,CN1CCN(CC1)CCCN2C3=CC=CC=C3SC4=C2C=C(C=C4)C(F)(F)F.Cl.Cl,480.4,,35.0,2.0,7.0,4.0,30.0,0.0,66064.0,,"https://pubchem.ncbi.nlm.nih.gov/rest/pug/compound/cid/66064/property/CanonicalSMILES,IsomericSMILES,MolecularWeight,XLogP,TPSA,HBondDonorCount,HBondAcceptorCount,RotatableBondCount,HeavyAtomCount,Charge/JSON",,95,25,25,#39,2026-08-10T16:46:49.783130+00:00,PubChem PUG REST,https://pubchem.ncbi.nlm.nih.gov/docs/pug-rest,#39,2026-08-10T16:50:47.151777+00:00
Tunicamycin,https://pubchem.ncbi.nlm.nih.gov/rest/pug/compound/name/Tunicamycin/cids/JSON,404.0,,0.0,UNMAPPED,NO_HIT,,,,,,,,,,,,,,"{
  ""Fault"": {
    ""Code"": ""PUGREST.NotFound"",
    ""Message"": ""No CID found"",
    ""Details"": [
      ""No CID found that matches the given name""
    ]
  }
}
",89,26,28,#40,2026-08-10T16:46:49.783130+00:00,PubChem PUG REST,https://pubchem.ncbi.nlm.nih.gov/docs/pug-rest,#40,2026-08-10T16:50:47.151777+00:00
U-73122,https://pubchem.ncbi.nlm.nih.gov/rest/pug/compound/name/U-73122/cids/JSON,200.0,"104794,5631,11957723,21117951,54052933,138107731,177926704",7.0,AMBIGUOUS,MULTIPLE_CIDS_FOR_EXACT_NAME,,,,,,,,,,,,,,,90,27,27,#41,2026-08-10T16:46:49.783130+00:00,PubChem PUG REST,https://pubchem.ncbi.nlm.nih.gov/docs/pug-rest,#41,2026-08-10T16:50:47.151777+00:00
Valinomycin,https://pubchem.ncbi.nlm.nih.gov/rest/pug/compound/name/Valinomycin/cids/JSON,200.0,3000706,1.0,MAPPED,EXACT_NAME_SINGLE_CID_WITH_SMILES,CC1C(=O)NC(C(=O)OC(C(=O)NC(C(=O)OC(C(=O)NC(C(=O)OC(C(=O)NC(C(=O)OC(C(=O)NC(C(=O)OC(C(=O)NC(C(=O)O1)C(C)C)C(C)C)C(C)C)C)C(C)C)C(C)C)C(C)C)C)C(C)C)C(C)C)C(C)C,C[C@H]1C(=O)N[C@H](C(=O)O[C@@H](C(=O)N[C@@H](C(=O)O[C@H](C(=O)N[C@H](C(=O)O[C@@H](C(=O)N[C@@H](C(=O)O[C@H](C(=O)N[C@H](C(=O)O[C@@H](C(=O)N[C@@H](C(=O)O1)C(C)C)C(C)C)C(C)C)C)C(C)C)C(C)C)C(C)C)C)C(C)C)C(C)C)C(C)C,1111.3,9.1,332.0,6.0,18.0,9.0,78.0,0.0,3000706.0,,"https://pubchem.ncbi.nlm.nih.gov/rest/pug/compound/cid/3000706/property/CanonicalSMILES,IsomericSMILES,MolecularWeight,XLogP,TPSA,HBondDonorCount,HBondAcceptorCount,RotatableBondCount,HeavyAtomCount,Charge/JSON",,87,27,28,#42,2026-08-10T16:46:49.783130+00:00,PubChem PUG REST,https://pubchem.ncbi.nlm.nih.gov/docs/pug-rest,#42,2026-08-10T16:50:47.151777+00:00
Water,https://pubchem.ncbi.nlm.nih.gov/rest/pug/compound/name/Water/cids/JSON,200.0,962,1.0,MAPPED,EXACT_NAME_SINGLE_CID_WITH_SMILES,O,O,18.015,-0.5,1.0,1.0,1.0,0.0,1.0,0.0,962.0,,"https://pubchem.ncbi.nlm.nih.gov/rest/pug/compound/cid/962/property/CanonicalSMILES,IsomericSMILES,MolecularWeight,XLogP,TPSA,HBondDonorCount,HBondAcceptorCount,RotatableBondCount,HeavyAtomCount,Charge/JSON",,383,103,103,#1,2026-08-10T16:46:49.783130+00:00,PubChem PUG REST,https://pubchem.ncbi.nlm.nih.gov/docs/pug-rest,#1,2026-08-10T16:50:47.151777+00:00
Wortmannin,https://pubchem.ncbi.nlm.nih.gov/rest/pug/compound/name/Wortmannin/cids/JSON,200.0,312145,1.0,MAPPED,EXACT_NAME_SINGLE_CID_WITH_SMILES,CC(=O)OC1CC2(C(CCC2=O)C3=C1C4(C(OC(=O)C5=COC(=C54)C3=O)COC)C)C,CC(=O)O[C@@H]1C[C@]2([C@@H](CCC2=O)C3=C1[C@]4([C@H](OC(=O)C5=COC(=C54)C3=O)COC)C)C,428.4,1.2,109.0,0.0,8.0,4.0,31.0,0.0,312145.0,,"https://pubchem.ncbi.nlm.nih.gov/rest/pug/compound/cid/312145/property/CanonicalSMILES,IsomericSMILES,MolecularWeight,XLogP,TPSA,HBondDonorCount,HBondAcceptorCount,RotatableBondCount,HeavyAtomCount,Charge/JSON",,88,28,27,#43,2026-08-10T16:46:49.783130+00:00,PubChem PUG REST,https://pubchem.ncbi.nlm.nih.gov/docs/pug-rest,#43,2026-08-10T16:50:47.151777+00:00
