candidate,axis,fold_id,n_entities,entities,n_train_rows,n_test_rows,unknown_sample_pcc,unknown_log2_rmse,unknown_log2_mae,known_in_sample_sample_pcc,known_in_sample_log2_rmse,known_in_sample_log2_mae,fc_pcc,fc_coverage,fc_n_matched,fc_n_treatments,elapsed_sec
mask_compound,plate,0,12,WAY_B-1_P17;WAY_B-1_P20;WAY_B-2_P19;WAY_BP12;WAY_BP18;WAY_CP1;WAY_CP10;WAY_CP22;WAY_CP36;WAY_CP43;WAY_CP54;WAY_CP6,5425,495,0.9893511291042415,0.403013581702071,0.2793301388357581,0.9945830987923139,0.28321141367085784,0.19103110344420288,,0.0,0,427,33.11948013305664
mask_compound,plate,1,12,WAY_B-1_P15;WAY_B-1_P18;WAY_B-2_P18;WAY_BP1;WAY_BP10;WAY_BP8;WAY_CP12;WAY_CP3;WAY_CP45;WAY_CP46;WAY_CP55;WAY_CP62,5425,495,0.9899957138365987,0.38140887263971124,0.2570607558822433,0.994598652017004,0.2828117239498412,0.19140409463616279,,0.0,0,425,31.485231161117554
mask_compound,plate,2,12,WAY_B-1_P13;WAY_B-1_P16;WAY_B-2_P12;WAY_B-2_P5;WAY_B-2_P9;WAY_BP5;WAY_CP19;WAY_CP42;WAY_CP47;WAY_CP53;WAY_CP59;WAY_CP63,5425,495,0.9907651263461141,0.3703399995490883,0.24962252940388047,0.9946058007478303,0.28289953902462683,0.1913785483191969,,0.0,0,422,31.41278648376465
mask_compound,plate,3,12,WAY_B-2_P20;WAY_B-2_P4;WAY_BP14;WAY_BP2;WAY_BP7;WAY_CP15;WAY_CP16;WAY_CP28;WAY_CP29;WAY_CP56;WAY_CP65;WAY_CP68,5425,495,0.9882683101841573,0.44179306961478687,0.29304604117694877,0.9945616649058565,0.28303686056997507,0.1912166856313203,,0.0,0,430,31.18119740486145
mask_compound,plate,4,12,WAY_B-2_P24;WAY_B-2_P3;WAY_BP11;WAY_BP19;WAY_BP4;WAY_BP9;WAY_CP17;WAY_CP20;WAY_CP30;WAY_CP33;WAY_CP57;WAY_CP67,5427,493,0.9896256624078341,0.3853554088820499,0.2646301936493508,0.994556030989702,0.2838454898798311,0.19123718309230858,,0.0,0,421,31.554264783859253
mask_compound,plate,5,12,WAY_B-2_P16;WAY_B-2_P7;WAY_BP20;WAY_BP23;WAY_BP3;WAY_CP18;WAY_CP21;WAY_CP24;WAY_CP38;WAY_CP44;WAY_CP61;WAY_CP7,5427,493,0.9909112875404981,0.3626183675052302,0.24615802114827637,0.99458684632733,0.2837978798482288,0.19188956148614425,,0.0,0,426,32.276726484298706
mask_compound,plate,6,12,WAY_B-1_P12;WAY_B-1_P14;WAY_B-1_P21;WAY_B-1_P24;WAY_B-1_P6;WAY_B-2_P2;WAY_BP16;WAY_CP2;WAY_CP27;WAY_CP39;WAY_CP64;WAY_CP70,5428,492,0.9901629764063814,0.39185491796767136,0.26265889063100745,0.9945258962897957,0.2835742147851154,0.19118103511153986,,0.0,0,418,32.11635088920593
mask_compound,plate,7,12,WAY_B-1_P19;WAY_B-1_P22;WAY_B-1_P5;WAY_B-1_P8;WAY_B-2_P21;WAY_B-2_P23;WAY_BP17;WAY_CP23;WAY_CP32;WAY_CP41;WAY_CP66;WAY_CP72,5428,492,0.9905638952004028,0.3832971307696609,0.26376246462011094,0.9946069365329191,0.2823245619806695,0.1906629262035834,,0.0,0,422,29.008541107177734
mask_compound,plate,8,12,WAY_B-1_P1;WAY_B-1_P10;WAY_B-1_P2;WAY_B-1_P23;WAY_B-1_P7;WAY_B-2_P11;WAY_BP21;WAY_CP25;WAY_CP37;WAY_CP4;WAY_CP69;WAY_CP9,5434,486,0.9903052215808243,0.38185868214060636,0.2565166897585752,0.994565017506154,0.2832096596316094,0.19139203159397086,,0.0,0,413,34.10294795036316
mask_compound,plate,9,12,WAY_B-1_P11;WAY_B-1_P9;WAY_B-2_P1;WAY_B-2_P10;WAY_B-2_P14;WAY_BP22;WAY_CP13;WAY_CP14;WAY_CP26;WAY_CP48;WAY_CP51;WAY_CP8,5425,495,0.9900518111187474,0.38923949469359775,0.2645390347996403,0.9946086976553884,0.2825665523215356,0.19115000261365822,,0.0,0,426,33.91405415534973
mask_compound,plate,10,12,WAY_B-1_P3;WAY_B-2_P13;WAY_B-2_P15;WAY_B-2_P6;WAY_B-2_P8;WAY_BP24;WAY_CP11;WAY_CP31;WAY_CP34;WAY_CP50;WAY_CP58;WAY_CP60,5425,495,0.991627957410272,0.35767916486331575,0.2443135220425461,0.9945985933257555,0.2828841714533399,0.19149717563257532,,0.0,0,425,32.85611534118652
mask_compound,plate,11,12,WAY_B-1_P4;WAY_B-2_P17;WAY_B-2_P22;WAY_BP13;WAY_BP15;WAY_BP6;WAY_CP35;WAY_CP40;WAY_CP49;WAY_CP5;WAY_CP52;WAY_CP71,5426,494,0.9914506956090613,0.36168387142057074,0.24975983305279598,0.9946138793336646,0.2828782220999254,0.19100300564969613,,0.0,0,423,34.51173233985901
mask_compound,strain,0,1,BAH,4428,1492,0.9716930435658038,0.6506371543003124,0.4345225737083955,0.9945241784563543,0.28456380429452827,0.19177338383836068,,0.0,0,1266,26.184311389923096
mask_compound,strain,1,1,CEK,4436,1484,0.9763449688759077,0.6149340143746442,0.40582448333450505,0.9942110860455344,0.29147795908772234,0.19694740451666037,,0.0,0,1275,26.022050857543945
mask_compound,strain,2,1,CGD,4455,1465,0.981625116738097,0.5196597903454034,0.348579806036638,0.9944784934774283,0.2858167930998573,0.1932674261275357,,0.0,0,1260,27.213568925857544
mask_compound,strain,3,1,DHY210,4441,1479,0.9731454572905959,0.6439691921956532,0.4394488175572748,0.994798248763351,0.27910649897585327,0.1887357063594447,,0.0,0,1277,25.910122632980347
mask_compound,compound,0,2,EDTA;Valinomycin,5290,630,0.9940834568751995,0.3069426191203847,0.2058757352569168,0.9944094929543781,0.2868282788739649,0.19418939312082067,0.5664661983291023,0.9952380952380953,627,630,32.48611497879028
mask_compound,compound,1,3,Geldanamycin;Tunicamycin;Water,5357,563,0.9938876310311601,0.3122752679240859,0.2142917607563077,0.994424346433181,0.2862756776274975,0.19363165751854003,0.6091203723444172,0.9555555555555556,172,180,30.96689462661743
mask_compound,compound,2,3,Clotrimazole;DMSO;Trichostatin A,5372,548,0.9937683417969131,0.31516943920253737,0.21578303951122849,0.9944228669572167,0.2867947475750446,0.19377883441014554,0.5500012322666818,0.9666666666666667,174,180,32.91525197029114
mask_compound,compound,3,4,4-Hydroxytamoxifen;CHX;Hoechst 33258;Nystatin dihydrate,5374,546,0.9825653993575636,0.47142256435375574,0.30262954280438825,0.9947754038708067,0.27948911963961587,0.1889889372129958,0.5507074144657699,0.9981684981684982,545,546,30.18653416633606
mask_compound,compound,4,4,Harmine hydrochloride;LY 294002 hydrochloride;NaCl;Parthenolide,5375,545,0.9910114752072527,0.3643407667844609,0.24067417776099434,0.9945913709320171,0.28339586520134674,0.1913344815442302,0.5714950843394815,0.9963302752293578,543,545,32.23214101791382
mask_compound,compound,5,5,"(1R, 2S, 5R) - (-) - Menthol;Cisplatin;Clomiphene citrate;Emodin;Haloperidol",5291,629,0.9934313311650333,0.31324993343583335,0.21386393850444793,0.9944484577811792,0.28667958387936926,0.19391438809061787,0.5907424002275741,0.9984101748807631,628,629,33.364014625549316
mask_compound,compound,6,5,Amiodarone hydrochloride;Artemisinin;Cyclopiazonic acid;Desipramine hydrochloride;SDS,5291,629,0.9793625583581346,0.46836238484190806,0.2799928195133687,0.9947550889393438,0.28170374506720935,0.19051047824492082,0.5445846899800137,0.9984101748807631,628,629,32.739922761917114
mask_compound,compound,7,4,1-10 Phenanthroline monohydrate;Quality Control;Rapamycin;Wortmannin,5309,611,0.9889360681108159,0.4149486103053437,0.26332630386138867,0.994452049141798,0.28542647428483076,0.19281529957990493,0.5680041941407041,0.9961538461538462,518,520,31.660303831100464
mask_compound,compound,8,5,Nigericin;Nocodazole;Sorbitol;Staurosporine;Trifluoperazine dihydrochloride,5309,611,0.9926105789727487,0.3397599434972378,0.23030597701244193,0.9944665845003695,0.28545028326651534,0.19259984616429598,0.5925764496854373,0.9967266775777414,609,611,33.86164832115173
mask_compound,compound,9,5,Anisomycin;Brefeldin A;Dyclonine hydrochloride;Oligomycin;U-73122,5312,608,0.9924269555835957,0.33864686656843407,0.23407235677500687,0.9945021876296152,0.2853069994959693,0.19273294457045895,0.5675621821288364,1.0,608,608,34.13297700881958
mask_compound,time,0,1,15,4925,995,0.9904982281546723,0.37971087857499775,0.25731898780094453,0.9945922799459582,0.2831162929194819,0.19176832062146576,,0.0,0,854,30.121562004089355
mask_compound,time,1,1,30,4936,984,0.9916923960834515,0.3598416063054466,0.24563342070040076,0.9944422955570854,0.2865588700053182,0.1934668699333867,,0.0,0,842,30.703208446502686
mask_compound,time,2,1,60,4949,971,0.990033455272052,0.39266419492062943,0.26272410315762534,0.9944857130166432,0.28582054436484,0.19250629638938918,,0.0,0,832,30.13226056098938
mask_compound,time,3,1,90,4936,984,0.9904077246174385,0.3803202133113456,0.25735159708500277,0.9945164734716992,0.2851229381889288,0.19301340826558644,,0.0,0,848,29.0556218624115
mask_compound,time,4,1,120,4926,994,0.9911030507238374,0.36736995549275736,0.25322300566418626,0.9944356934717017,0.28677855964227617,0.19383450485787385,,0.0,0,853,31.064427614212036
mask_compound,time,5,1,240,4928,992,0.9845526417851818,0.48915391022772503,0.3461641832232339,0.9946576049474729,0.28105058790225995,0.18950374282673818,,0.0,0,849,31.10313582420349
