entity,n_rows,sample_pcc,sample_pcc_median,log2_rmse,log2_mae,r2,axis,fold_id,candidate
WAY_B-1_P17,40,0.9935341656374771,0.9937143103312647,0.34371316352541303,0.2385704006621999,0.9856916634980196,plate,0,mask_compound
WAY_B-1_P20,38,0.9954229966116662,0.9956229295902325,0.281625735443412,0.19621480980179679,0.990235712775234,plate,0,mask_compound
WAY_B-2_P19,39,0.9938646294952048,0.9938289793169027,0.3201060162677509,0.21453153334560418,0.9870057870472135,plate,0,mask_compound
WAY_BP12,38,0.9923033415807687,0.9923092914591284,0.34374648763717325,0.24945933794301292,0.9835881585587982,plate,0,mask_compound
WAY_BP18,37,0.98762821545169,0.9877713293586706,0.44966702402280073,0.3354430120114624,0.9716050658014307,plate,0,mask_compound
WAY_CP1,34,0.9900191132534982,0.991096884508865,0.3942306495731138,0.2762367761417925,0.9785701900734134,plate,0,mask_compound
WAY_CP10,35,0.9902524654449683,0.9928521767290314,0.35393944542525657,0.24093485932210934,0.9794726118719241,plate,0,mask_compound
WAY_CP22,34,0.98592148974724,0.987716068519304,0.44077373302937745,0.3035105207540888,0.9701856430166951,plate,0,mask_compound
WAY_CP36,71,0.9806416370512726,0.9828689070392265,0.5484441006457524,0.3979484545743993,0.9569555878465321,plate,0,mask_compound
WAY_CP43,65,0.9911644348697566,0.993594780982377,0.35319756129908775,0.23846172919002528,0.9809219651454211,plate,0,mask_compound
WAY_CP54,33,0.9891769330911355,0.9895725740568738,0.4030856519457252,0.29267688025845484,0.9774557959517198,plate,0,mask_compound
WAY_CP6,31,0.9876121556768216,0.9899930141121364,0.42488650258307425,0.3002866374310588,0.9722392686904396,plate,0,mask_compound
WAY_B-1_P15,40,0.9939391006796792,0.9940824555413971,0.32379908756539644,0.21384798710073374,0.9872287945276635,plate,1,mask_compound
WAY_B-1_P18,38,0.985602065175109,0.9861556051932442,0.4880669530954685,0.3567632344701751,0.9707494671818452,plate,1,mask_compound
WAY_B-2_P18,39,0.988320224344697,0.9888607119630212,0.43692239116600323,0.3169603010846646,0.9757044030665326,plate,1,mask_compound
WAY_BP1,37,0.9946199031281001,0.9950011798354979,0.2834756744573546,0.1970486194188832,0.9886280864970166,plate,1,mask_compound
WAY_BP10,38,0.9939785015102913,0.9940341223267415,0.2966754486007908,0.20506301163763355,0.9873712044649186,plate,1,mask_compound
WAY_BP8,36,0.9925004422383265,0.9925479174791423,0.32890213557681697,0.22743410939958347,0.9844073626047083,plate,1,mask_compound
WAY_CP12,34,0.9854360976165739,0.9899473723377865,0.44346478126930794,0.30682851144583917,0.9669494261946329,plate,1,mask_compound
WAY_CP3,34,0.9889964649081826,0.9917762662072234,0.3746167644436669,0.2572820362065411,0.97635101549773,plate,1,mask_compound
WAY_CP45,64,0.9891754274565343,0.9938078397501869,0.3792467301564514,0.25574597867997806,0.9758567076725855,plate,1,mask_compound
WAY_CP46,71,0.9929432332366636,0.9950188469778853,0.313267752001256,0.20852631183293172,0.983328183068538,plate,1,mask_compound
WAY_CP55,33,0.9768323417507317,0.977840781015456,0.5818053057747857,0.4017911184311217,0.9522918896874352,plate,1,mask_compound
WAY_CP62,31,0.9941432381123908,0.9948260434692615,0.3083633681905985,0.2107623361405872,0.9868823470813304,plate,1,mask_compound
WAY_B-1_P13,40,0.9921288877205855,0.9922046340547754,0.3651018715563144,0.23836818092901627,0.9837237995214693,plate,2,mask_compound
WAY_B-1_P16,38,0.9941510702821894,0.9945482627451003,0.3155220000579874,0.21776296536537745,0.9879352373584446,plate,2,mask_compound
WAY_B-2_P12,39,0.9915584727748452,0.9914902535759057,0.3722169462467205,0.2597820101640911,0.9822695356936111,plate,2,mask_compound
WAY_B-2_P5,37,0.9941477478717788,0.9943422656062726,0.3122293610837643,0.2129756772757004,0.9878304144627934,plate,2,mask_compound
WAY_B-2_P9,38,0.9919463717208458,0.9926314553258191,0.35738702584327176,0.24339581013299977,0.9831684799005702,plate,2,mask_compound
WAY_BP5,36,0.9914950688105291,0.9915416495091546,0.3591008415709685,0.2514928636005554,0.9819952575276011,plate,2,mask_compound
WAY_CP19,35,0.9778675267828739,0.9769461259538064,0.5550126172170985,0.40115706229669684,0.9529021572753038,plate,2,mask_compound
WAY_CP42,63,0.9857634548516343,0.9893297283010619,0.44991744190162386,0.31240373185002873,0.9689297038908723,plate,2,mask_compound
WAY_CP47,71,0.9933936564434357,0.9958144816444804,0.30045704234870735,0.1964587724925089,0.9849590459356113,plate,2,mask_compound
WAY_CP53,34,0.9926900888272087,0.9930668528482238,0.33667279518590254,0.2404061914901146,0.9843136565294243,plate,2,mask_compound
WAY_CP59,33,0.9907656641632864,0.992042047357396,0.37016022713383767,0.24393825795518556,0.9805196921804313,plate,2,mask_compound
WAY_CP63,31,0.9941183552155773,0.9945934585086154,0.2993538800611872,0.20200850457571318,0.987788922368595,plate,2,mask_compound
WAY_B-2_P20,38,0.9959338686008775,0.9960303918216461,0.2583189638798594,0.17907557643575853,0.9913274446089154,plate,3,mask_compound
WAY_B-2_P4,40,0.9929818535441237,0.9932596732925488,0.34187373078109207,0.2367096836521969,0.9852351878511822,plate,3,mask_compound
WAY_BP14,39,0.9924965502458042,0.9928822164511,0.3332525641094089,0.23375647565070184,0.9841242726004743,plate,3,mask_compound
WAY_BP2,36,0.9942617780010549,0.9943052956416367,0.2896078430403529,0.19805214191262774,0.9880885864645745,plate,3,mask_compound
WAY_BP7,38,0.9947070828190097,0.9947452695577077,0.2887980561375425,0.20461681414368074,0.9882991120911058,plate,3,mask_compound
WAY_CP15,34,0.9650293867563372,0.9667539263153309,0.8574962261885932,0.6662228725808165,0.9082135659667446,plate,3,mask_compound
WAY_CP16,35,0.9704198073034941,0.9747766033122481,0.7531010238951711,0.5598825200441482,0.9294488450122382,plate,3,mask_compound
WAY_CP28,70,0.9914445943352612,0.9929682087644371,0.3569295150981083,0.24866879784359794,0.9813622330371077,plate,3,mask_compound
WAY_CP29,67,0.9835657369462828,0.9865833197428101,0.4821140182581995,0.3495279763872087,0.9648023837739279,plate,3,mask_compound
WAY_CP56,34,0.9921655064111313,0.992421529115876,0.343742643205269,0.23961580010178798,0.9834575612044567,plate,3,mask_compound
WAY_CP65,33,0.9933823357028553,0.9942309799580219,0.3210197657802614,0.22839677926015378,0.9857814548307743,plate,3,mask_compound
WAY_CP68,31,0.9915300354010709,0.9921261755217315,0.3526981752144121,0.23958291831496217,0.9826414101536255,plate,3,mask_compound
WAY_B-2_P24,38,0.9922304919221993,0.992652272471811,0.3585264328252133,0.24858289148508675,0.9837216080000635,plate,4,mask_compound
WAY_B-2_P3,29,0.9939694120607364,0.9946220778804608,0.3145985199728182,0.21506809735379448,0.9873976031142002,plate,4,mask_compound
WAY_BP11,40,0.9947001398315768,0.99484873160924,0.29219481572981604,0.20930021900161574,0.9880178511397826,plate,4,mask_compound
WAY_BP19,39,0.9924252496407536,0.9926626767512386,0.3359526347236244,0.23223902525421913,0.9841058275947395,plate,4,mask_compound
WAY_BP4,36,0.9724150052656138,0.9717055951662645,0.5981713968828178,0.43055670713407346,0.9438967505354712,plate,4,mask_compound
WAY_BP9,38,0.9945195732312841,0.994682820711795,0.292721494085708,0.20906662660101502,0.9880715099229451,plate,4,mask_compound
WAY_CP17,35,0.9900722109584712,0.9921205862850923,0.38309616510773115,0.27113522673711093,0.9782005329036622,plate,4,mask_compound
WAY_CP20,34,0.987405026322583,0.9927527105871545,0.4025271959857595,0.274225160338255,0.9727752387563797,plate,4,mask_compound
WAY_CP30,70,0.9870453529520108,0.9902043594497322,0.43355709243866114,0.30442783043415295,0.9711959363786647,plate,4,mask_compound
WAY_CP33,67,0.9903319879467376,0.9921442301153968,0.3784378071909457,0.25805391013273904,0.9795929649181147,plate,4,mask_compound
WAY_CP57,34,0.9926011944987636,0.9930848888406225,0.3303412644831577,0.23019544982080986,0.9845158635582194,plate,4,mask_compound
WAY_CP67,33,0.9892772373366503,0.9895070047755007,0.4075182147409746,0.2900647684851607,0.9774472394696676,plate,4,mask_compound
WAY_B-2_P16,37,0.9934332935431429,0.9938297637892678,0.33092035942123493,0.22921874049055332,0.9863099471426556,plate,5,mask_compound
WAY_B-2_P7,38,0.9949704266633763,0.9952652543792079,0.2880900188078689,0.1922114423231606,0.9893411733464931,plate,5,mask_compound
WAY_BP20,40,0.991210549108849,0.9915120395793784,0.36075110397561033,0.26377038562482324,0.9809630673630998,plate,5,mask_compound
WAY_BP23,39,0.9928716430186344,0.9928660180795582,0.3267642490188594,0.22929418510791555,0.9848346464997052,plate,5,mask_compound
WAY_BP3,37,0.9942552281775087,0.9945400846474294,0.2970760754570849,0.20634741427014847,0.987726193830435,plate,5,mask_compound
WAY_CP18,35,0.984185386186703,0.9877301658686898,0.4826187443937957,0.3392977736247867,0.9655048323553223,plate,5,mask_compound
WAY_CP21,34,0.9871445055303696,0.9923613799816284,0.38596648596549205,0.2637329274053215,0.9706835275628021,plate,5,mask_compound
WAY_CP24,29,0.9847595240408145,0.9871670300890014,0.4707140507651982,0.33387307080978784,0.9673121217189196,plate,5,mask_compound
WAY_CP38,70,0.9921423388329673,0.9937286460223682,0.33602191733190373,0.232855971661205,0.9825070899325096,plate,5,mask_compound
WAY_CP44,67,0.9910671595560661,0.9926942297631632,0.357385113571447,0.23646216134962836,0.979654364513861,plate,5,mask_compound
WAY_CP61,34,0.991749469961719,0.9950125449522926,0.33600377756495126,0.20887536046003322,0.9807270326377256,plate,5,mask_compound
WAY_CP7,33,0.9896098154393651,0.9924474092450583,0.40617585229933495,0.2735714605083443,0.9766596858427788,plate,5,mask_compound
WAY_B-1_P12,36,0.9900593248171615,0.9917018602253209,0.4103234849513303,0.28282118657583927,0.9791785169395855,plate,6,mask_compound
WAY_B-1_P14,35,0.9927915205431398,0.9929252201304566,0.35043098847596016,0.23286105280953176,0.9850777699514607,plate,6,mask_compound
WAY_B-1_P21,28,0.9678479892302517,0.9700549814645238,0.740284556497066,0.501286659019792,0.9330021531184549,plate,6,mask_compound
WAY_B-1_P24,40,0.990080904210352,0.9905967697094992,0.41174621751764995,0.2916015628776982,0.9791043802146924,plate,6,mask_compound
WAY_B-1_P6,38,0.991667873678194,0.991846104872753,0.3785111857519631,0.26606521486787815,0.9825958663859643,plate,6,mask_compound
WAY_B-2_P2,39,0.9933314341960454,0.9934072764276529,0.327976077681436,0.2214843129323627,0.9861299684698245,plate,6,mask_compound
WAY_BP16,38,0.9933262330535024,0.9935730394812303,0.3160705358594281,0.21663758501015243,0.9855410823684057,plate,6,mask_compound
WAY_CP2,35,0.990216502210639,0.9928029262007058,0.3630841352018417,0.2525311948600146,0.9787162710007878,plate,6,mask_compound
WAY_CP27,66,0.9893361424887586,0.991580041331794,0.38996666320314527,0.2668292436439274,0.9763806611964934,plate,6,mask_compound
WAY_CP39,70,0.9914733085523945,0.9931126345528338,0.35605692911791276,0.25040335580033857,0.981166953571999,plate,6,mask_compound
WAY_CP64,34,0.9944352737225617,0.9947644167359397,0.29733058269501245,0.21334955592073906,0.9879335367475216,plate,6,mask_compound
WAY_CP70,33,0.9918172647374378,0.9925953714272929,0.34859715964516513,0.233004134185722,0.9830576362390407,plate,6,mask_compound
WAY_B-1_P19,35,0.9938763804461402,0.9940541873176547,0.31812086431896197,0.222089966480022,0.9872849480474067,plate,7,mask_compound
WAY_B-1_P22,36,0.9911629160630251,0.9933474436633027,0.3674428198440079,0.25544004179134394,0.9815232335212722,plate,7,mask_compound
WAY_B-1_P5,28,0.9925576980414623,0.99324146019823,0.3619306811330304,0.2514327557493236,0.9841991868168313,plate,7,mask_compound
WAY_B-1_P8,38,0.9921682919663813,0.9929642056718331,0.3655269917951291,0.25333604824746503,0.9836561571603369,plate,7,mask_compound
WAY_B-2_P21,39,0.9937999189598664,0.9938671116839292,0.31669069305715813,0.21913450726165004,0.9870118966568185,plate,7,mask_compound
WAY_B-2_P23,40,0.994905806484519,0.995082728746814,0.29024979779781285,0.2000682778087952,0.9892195491544566,plate,7,mask_compound
WAY_BP17,38,0.9928769157873437,0.9934410567788754,0.3244930174524369,0.2187558710861143,0.9847539854004239,plate,7,mask_compound
WAY_CP23,35,0.9845642418233432,0.9872745766613563,0.469367694995841,0.3399191105379565,0.9657560671115093,plate,7,mask_compound
WAY_CP32,66,0.991041501776922,0.9923120241680502,0.36913759318007167,0.26026888767477796,0.9808750726231102,plate,7,mask_compound
WAY_CP41,70,0.9901828780492818,0.9923172291413018,0.37712369842700705,0.2603986369320956,0.9787417317561735,plate,7,mask_compound
WAY_CP66,34,0.9823509714048436,0.983309000387369,0.5230396531529766,0.37253771599682667,0.9629664288752317,plate,7,mask_compound
WAY_CP72,33,0.9857852585996352,0.9868630042773809,0.47398151046054493,0.33125709918987906,0.9698786732655282,plate,7,mask_compound
WAY_B-1_P1,38,0.992098083840835,0.9936680600425392,0.3652369700244986,0.22910722960983418,0.9836315991834612,plate,8,mask_compound
WAY_B-1_P10,22,0.9933953300779478,0.994143544199928,0.333375157572202,0.22884236685333326,0.9862990425575792,plate,8,mask_compound
WAY_B-1_P2,35,0.9942181194711533,0.9944913199671934,0.31669056697930015,0.21278842142814886,0.9877865032895595,plate,8,mask_compound
WAY_B-1_P23,36,0.9931940322994959,0.9932404386280876,0.33760111144046645,0.2253724929877332,0.9860968300996843,plate,8,mask_compound
WAY_B-1_P7,39,0.9934566504761031,0.9939444938326666,0.33448299487231425,0.23195674261416888,0.9862844250755742,plate,8,mask_compound
WAY_B-2_P11,38,0.992576567483122,0.992545202137234,0.3498635055133143,0.23267492796342013,0.9845176358125287,plate,8,mask_compound
WAY_BP21,38,0.990121223211249,0.9908682579832825,0.380807092996021,0.2755085818278585,0.9787366555341266,plate,8,mask_compound
WAY_CP25,69,0.9878294263100516,0.9907665308148556,0.4249583517658229,0.287512869845479,0.9736099427045584,plate,8,mask_compound
WAY_CP37,69,0.9920165439447449,0.9938561491832419,0.3363212547755448,0.23295032365619117,0.9830855649429914,plate,8,mask_compound
WAY_CP4,35,0.9891375606665388,0.9936969905690453,0.3645398943858939,0.24971071555715282,0.9770434111481864,plate,8,mask_compound
WAY_CP69,34,0.9908829397202081,0.9912814106683718,0.3734546961590979,0.25786255905112865,0.9810898494823422,plate,8,mask_compound
WAY_CP9,33,0.9749927866663908,0.9778998679279847,0.6011152315332405,0.41787212440310867,0.9479619580506118,plate,8,mask_compound
WAY_B-1_P11,38,0.9906388044938894,0.9910479815930389,0.39462712469523903,0.2829676248285104,0.9801667130279929,plate,9,mask_compound
WAY_B-1_P9,35,0.9920453361207929,0.9932762604514674,0.3618338545123869,0.2561531925115186,0.9831188594980589,plate,9,mask_compound
WAY_B-2_P1,39,0.9939373418613621,0.9946944340970635,0.30689599056381744,0.21020703298199558,0.9872120282838609,plate,9,mask_compound
WAY_B-2_P10,36,0.9937193431844054,0.9943751170511668,0.3200966750049319,0.22100915161348877,0.986835855291161,plate,9,mask_compound
WAY_B-2_P14,38,0.9952655763246131,0.9952483767036697,0.2800641048381231,0.19505808337964556,0.9898261627158188,plate,9,mask_compound
WAY_BP22,38,0.9931678687014928,0.9931748515288035,0.31588368239904174,0.22033283939377138,0.9854841842851272,plate,9,mask_compound
WAY_CP13,32,0.9859939954181445,0.9886116094305077,0.4542297909757432,0.31898530591083213,0.968038248960227,plate,9,mask_compound
WAY_CP14,32,0.9755797548272431,0.9751694397317252,0.6801678688171244,0.5127242626304597,0.9438535628723078,plate,9,mask_compound
WAY_CP26,69,0.9895279851398372,0.9910653961859717,0.39414624053726544,0.2775453686971563,0.9776224976631472,plate,9,mask_compound
WAY_CP48,69,0.989811113077561,0.99434298885019,0.34785134589962907,0.2303008584530408,0.9767137764428707,plate,9,mask_compound
WAY_CP51,35,0.994155309804555,0.994939180222985,0.29936925724916574,0.20468591946360037,0.9877214627282402,plate,9,mask_compound
WAY_CP8,34,0.9844608218396576,0.9893991314268162,0.45110742086161437,0.31407359227440135,0.9667523488517679,plate,9,mask_compound
WAY_B-1_P3,39,0.9936747371865917,0.9938567253023723,0.3322287957152222,0.22485330248030314,0.9866908425202697,plate,10,mask_compound
WAY_B-2_P13,35,0.9946760920872219,0.9947241939179411,0.2959267335831033,0.20760306545037255,0.988727562168985,plate,10,mask_compound
WAY_B-2_P15,38,0.9948360942548192,0.9949471301173944,0.2961145964385066,0.20601303478931335,0.988708401593927,plate,10,mask_compound
WAY_B-2_P6,39,0.9924377616079989,0.9926621206991569,0.3570213694466746,0.24223531244301727,0.9837961891967287,plate,10,mask_compound
WAY_B-2_P8,36,0.9945798179077231,0.9952308993920223,0.29867042490593965,0.19779034137913218,0.988464246394704,plate,10,mask_compound
WAY_BP24,38,0.9892093480771341,0.9899533834791756,0.4071102506825297,0.28945865050327974,0.9766906009982516,plate,10,mask_compound
WAY_CP11,33,0.988541307732633,0.9928653922197774,0.402479179446261,0.27771591605546564,0.9747865275602933,plate,10,mask_compound
WAY_CP31,69,0.9892360209390667,0.9914458160053607,0.3911662866596515,0.27323631191166653,0.9772063864372097,plate,10,mask_compound
WAY_CP34,68,0.9879878907585076,0.9909423194568872,0.423648692750396,0.29120497579693505,0.9732897261978548,plate,10,mask_compound
WAY_CP50,33,0.994852474136609,0.9953631159401135,0.27790769616082767,0.1906519930494922,0.9893564022600201,plate,10,mask_compound
WAY_CP58,35,0.9934943226659326,0.9943310305743469,0.31160275865185716,0.21328558304029444,0.9863424218959805,plate,10,mask_compound
WAY_CP60,32,0.9912634336682449,0.9921753686283146,0.36317494395667943,0.25137665426490535,0.9820401334810032,plate,10,mask_compound
WAY_B-1_P4,39,0.992050675526898,0.9931945071847574,0.3705543579207477,0.2472279627381388,0.9834157016979216,plate,11,mask_compound
WAY_B-2_P17,38,0.9938609103870638,0.9944390564964958,0.31879572393728134,0.22442171295025934,0.9870889069222454,plate,11,mask_compound
WAY_B-2_P22,35,0.9953950004163681,0.9959228428716723,0.2776816356166651,0.1824031568030579,0.9901826178338281,plate,11,mask_compound
WAY_BP13,39,0.9895484479860119,0.9893470796023791,0.39667385029775026,0.2868703998924719,0.9773268823521226,plate,11,mask_compound
WAY_BP15,36,0.9937486748812633,0.9940681385698997,0.3249724744500145,0.234888911691468,0.9852896916460474,plate,11,mask_compound
WAY_BP6,38,0.9893297999729795,0.989393207013529,0.41833813422315513,0.302517809822684,0.9753715035464557,plate,11,mask_compound
WAY_CP35,69,0.9916162471532377,0.9928569500466389,0.3567330039759589,0.24098841951630545,0.9821148103218026,plate,11,mask_compound
WAY_CP40,68,0.9865661361931972,0.9890127908944542,0.4341491827275563,0.31013685496365845,0.9703161787896095,plate,11,mask_compound
WAY_CP49,33,0.9930756826937484,0.9938412565337279,0.32295762994964516,0.2139178370047977,0.9856182189782438,plate,11,mask_compound
WAY_CP5,31,0.9897775851697821,0.9916152472841423,0.3934286658553836,0.281688493607091,0.9772654950086881,plate,11,mask_compound
WAY_CP52,33,0.9932339862300752,0.9942847454737874,0.32247508470499026,0.2187868362944906,0.9857904999743315,plate,11,mask_compound
WAY_CP71,35,0.9937117422980724,0.9940299982756382,0.30944464155976475,0.21295479472034728,0.9869630711597429,plate,11,mask_compound
BAH,1492,0.9716930435658038,0.9732495701037847,0.6506371543003124,0.4345225737083955,0.941833287013747,strain,0,mask_compound
CEK,1484,0.9763449688759077,0.9784438773257351,0.6149340143746442,0.40582448333450505,0.9490034003976083,strain,1,mask_compound
CGD,1465,0.981625116738097,0.9836806434447313,0.5196597903454034,0.348579806036638,0.9619282183212771,strain,2,mask_compound
DHY210,1479,0.9731454572905959,0.9771130927888348,0.6439691921956532,0.4394488175572748,0.94204155247908,strain,3,mask_compound
EDTA,543,0.9941048849868372,0.9947162902619187,0.30706231607607953,0.20453859410090633,0.987535440536684,compound,0,mask_compound
Valinomycin,87,0.9939497159025638,0.9942779615038854,0.30620714109964103,0.2140803567579469,0.9872511927087422,compound,0,mask_compound
Geldanamycin,91,0.9944817736768732,0.9949077017784691,0.29529720015364264,0.20703156418797122,0.9881897093922363,compound,1,mask_compound
Tunicamycin,89,0.9928097934306841,0.9939234292036244,0.334855889921312,0.23109402988459815,0.9845628341712918,compound,1,mask_compound
Water,383,0.9939969275473023,0.9946295033718677,0.31073663599618384,0.2120790275210209,0.9872389399277868,compound,1,mask_compound
Clotrimazole,91,0.9944883617090554,0.9947141840112945,0.29619646488013135,0.20688936110854667,0.9881090750134811,compound,2,mask_compound
DMSO,368,0.9948865741778485,0.9952766831298864,0.2867344575191533,0.1970331798741813,0.9891344038566199,compound,2,mask_compound
Trichostatin A,89,0.988408439232989,0.9888980954037057,0.42441612829561576,0.300420685336698,0.9747863486190447,compound,2,mask_compound
4-Hydroxytamoxifen,91,0.9573613756655722,0.9686312025224162,0.700099814321571,0.45377936999528556,0.9017872041060043,compound,3,mask_compound
CHX,273,0.9925715301205439,0.9949651431368471,0.34220231338266643,0.22648070545000637,0.9843669636021588,compound,3,mask_compound
Hoechst 33258,89,0.9707445869799471,0.9738784421499365,0.6505505384525023,0.4608074497853942,0.9370441813125421,compound,3,mask_compound
Nystatin dihydrate,93,0.9891669559090206,0.991618463189368,0.3990365428103241,0.27503506281996787,0.9772493344300488,compound,3,mask_compound
Harmine hydrochloride,89,0.9929862181940147,0.9938312621941983,0.3313424261191576,0.2293212649308227,0.9850140113264233,compound,4,mask_compound
LY 294002 hydrochloride,93,0.9910274241568894,0.9932869707981427,0.3545948788894297,0.23626695350924598,0.9808817469189485,compound,4,mask_compound
NaCl,271,0.9926428929005584,0.9932060055867636,0.3428211704261393,0.22795405834772117,0.9845731790951752,compound,4,mask_compound
Parthenolide,92,0.9842794146309067,0.990609230884638,0.4607669594833742,0.29726687464255136,0.9668090871841666,compound,4,mask_compound
"(1R, 2S, 5R) - (-) - Menthol",85,0.989383647942224,0.9945458278790035,0.3566875504988746,0.23629845428568846,0.9780844026549811,compound,5,mask_compound
Cisplatin,269,0.994674814471453,0.9954483937319214,0.29185594755978517,0.19855895753229558,0.988662200935791,compound,5,mask_compound
Clomiphene citrate,90,0.9937224423733386,0.9945405832536158,0.30995380403301304,0.21695729463133562,0.986608984484779,compound,5,mask_compound
Emodin,93,0.9921235016287588,0.9925394693324122,0.351988301514319,0.24378770039509554,0.9832755016560848,compound,5,mask_compound
Haloperidol,92,0.9945724638024025,0.9950786276194068,0.2928495232431684,0.20500140848209675,0.9882982103170237,compound,5,mask_compound
Amiodarone hydrochloride,93,0.9388357514375826,0.9527394128171355,0.8040417458990817,0.5254236831860372,0.8620131813950032,compound,6,mask_compound
Artemisinin,90,0.9942295435673025,0.9946895921129963,0.2985256957110034,0.20361966386108554,0.9878385267272217,compound,6,mask_compound
Cyclopiazonic acid,86,0.9462393330537974,0.9477560149932224,0.8649411465418813,0.5801852477933407,0.8695767088789137,compound,6,mask_compound
Desipramine hydrochloride,92,0.9921325369578394,0.9939904557405157,0.34164886281185486,0.23325420174035752,0.9830309313480753,compound,6,mask_compound
SDS,268,0.9946786916409199,0.9951766562913138,0.29303882704831163,0.20046073615800547,0.9886124163340423,compound,6,mask_compound
1-10 Phenanthroline monohydrate,165,0.994010233710292,0.9947328026185357,0.3067222050684708,0.2114353151142204,0.9870550543375557,compound,7,mask_compound
Quality Control,91,0.9676719606322601,0.9682772111577934,0.6981872945979586,0.4615228592795418,0.9350229965296672,compound,7,mask_compound
Rapamycin,267,0.9930736609758246,0.9947631651662874,0.3371408072194569,0.22164192446563438,0.9852213893861828,compound,7,mask_compound
Wortmannin,88,0.9888571949480631,0.9909025215427884,0.4134537179132865,0.28237036845332447,0.9766951419562893,compound,7,mask_compound
Nigericin,92,0.9894079004345926,0.9912977310073581,0.39540586532211053,0.27278036399808286,0.977475754114352,compound,8,mask_compound
Nocodazole,90,0.9942378561258487,0.9947464279533487,0.30213117804147965,0.20784189109549236,0.9876151759920992,compound,8,mask_compound
Sorbitol,267,0.9924284952061823,0.9930278111791708,0.3479238373956378,0.23243820023894596,0.984167374780921,compound,8,mask_compound
Staurosporine,67,0.9942506335314731,0.9950395524632544,0.30153031973714933,0.2101715522840254,0.9875692270755997,compound,8,mask_compound
Trifluoperazine dihydrochloride,95,0.9935255704671696,0.9946800345839918,0.31961473822463266,0.22033872426819825,0.9859097634195642,compound,8,mask_compound
Anisomycin,186,0.993725004330629,0.9942197910466579,0.3168765723031077,0.22278815395862053,0.9864618316461534,compound,9,mask_compound
Brefeldin A,176,0.9937797245588619,0.9948599411789372,0.31257183053162496,0.21699918297178744,0.9864750470938607,compound,9,mask_compound
Dyclonine hydrochloride,64,0.9940006889483055,0.9946264790354048,0.31099041011995926,0.2175257819210993,0.9870158426964564,compound,9,mask_compound
Oligomycin,92,0.9855687705865092,0.988168020412499,0.45244741726181154,0.31490530418877805,0.9678431926382498,compound,9,mask_compound
U-73122,90,0.9929903964479903,0.9937315786653105,0.33337665998679955,0.23157152977337908,0.9851015131556473,compound,9,mask_compound
15,995,0.9904982281546723,0.9928004689898813,0.37971087857499775,0.25731898780094453,0.9794642834637098,time,0,mask_compound
30,984,0.9916923960834515,0.9933301326109276,0.3598416063054466,0.24563342070040076,0.9818044169205472,time,1,mask_compound
60,971,0.990033455272052,0.9930574333784459,0.39266419492062943,0.26272410315762534,0.978155629929943,time,2,mask_compound
90,984,0.9904077246174385,0.99313026718543,0.3803202133113456,0.25735159708500277,0.9790524526645483,time,3,mask_compound
120,994,0.9911030507238374,0.9926535686691972,0.36736995549275736,0.25322300566418626,0.9807484521761025,time,4,mask_compound
240,992,0.9845526417851818,0.986240432945602,0.48915391022772503,0.3461641832232339,0.9665127647464536,time,5,mask_compound
